0;football;n;futbol
1;soccer;n;futbol (Amerikan Ýngilizcesi)
2;match;n;maç
3;game;n;oyun, maç
4;team;n;takým
5;player;n;oyuncu
6;coach;n;antrenör
7;manager;n;teknik direktör
8;referee;n;hakem
9;linesman;n;yan hakem
10;assistant referee;n;yardýmcý hakem
11;fourth official;n;dördüncü hakem
12;VAR;n;video yardýmcý hakem sistemi
13;goal;n;gol
14;goalkeeper;n;kaleci
15;defender;n;defans oyuncusu
16;midfielder;n;orta saha oyuncusu
17;forward;n;forvet
18;striker;n;forvet, golcü
19;winger;n;kanat oyuncusu
20;captain;n;kaptan
21;substitute;n;yedek oyuncu
22;substitution;n;oyuncu deðiþikliði
23;bench;n;yedek kulübesi
24;squad;n;kadro
25;lineup;n;ilk on bir
26;formation;n;diziliþ
27;tactics;n;taktik
28;strategy;n;strateji
29;pitch;n;saha
30;field;n;saha, alan
31;stadium;n;stadyum
32;stands;n;tribün
33;terraces;n;tribün (ayakta)
34;crowd;n;seyirci kalabalýðý
35;fans;n;taraftarlar
36;supporters;n;taraftarlar
37;spectators;n;izleyiciler
38;goal post;n;kale direði
39;crossbar;n;üst direk
40;net;n;file
41;penalty area;n;ceza sahasý
42;penalty box;n;ceza sahasý
43;goal area;n;kale sahasý
44;six-yard box;n;kale sahasý
45;centre circle;n;orta yuvarlak
46;halfway line;n;orta saha çizgisi
47;touchline;n;yan çizgi
48;goal line;n;kale çizgisi
49;corner flag;n;korner bayraðý
50;corner kick;n;korner atýþý
51;corner;n;korner
52;throw-in;n;taç atýþý
53;free kick;n;serbest vuruþ
54;direct free kick;n;doðrudan serbest vuruþ
55;indirect free kick;n;dolaylý serbest vuruþ
56;penalty kick;n;penaltý vuruþu
57;penalty;n;penaltý
58;spot kick;n;penaltý noktasý vuruþu
59;kick-off;n;baþlama vuruþu
60;goal kick;n;kale vuruþu
61;offside;n;ofsayt
62;foul;n;faul
63;handball;n;elle oynama
64;tackle;n;müdahale
65;sliding tackle;n;kayarak müdahale
66;yellow card;n;sarý kart
67;red card;n;kýrmýzý kart
68;booking;n;kart görme
69;sending off;n;oyundan atýlma
70;dismissal;n;ihraç edilme
71;suspension;n;ceza (maç yasaðý)
72;injury time;n;uzatma dakikasý
73;stoppage time;n;uzatma süresi
74;added time;n;eklenen süre
75;extra time;n;uzatma (devre)
76;half-time;n;devre arasý
77;full-time;n;maç sonu
78;first half;n;ilk yarý
79;second half;n;ikinci yarý
80;kick-off time;n;baþlama saati
81;whistle;n;düdük
82;referee's whistle;n;hakem düdüðü
83;score;n;skor
84;scoreline;n;skor
85;result;n;sonuç
86;draw;n;beraberlik
87;tie;n;berabere kalma
88;win;n;galibiyet
89;victory;n;zafer
90;defeat;n;yenilgi
91;loss;n;kayýp, maðlubiyet
92;clean sheet;n;gol yememe
93;own goal;n;kendi kalesine gol
94;equalizer;n;beraberlik golü
95;winning goal;n;galibiyet golü
96;opener;n;ilk gol
97;brace;n;iki gol (bir oyuncudan)
98;hat-trick;n;hat-trick (üç gol)
99;assist;n;asist
100;cross;n;orta (top)
101;pass;n;pas
102;through ball;n;ara pas
103;long ball;n;uzun top
104;short pass;n;kýsa pas
105;backpass;n;geri pas
106;one-two;n;duvar pasý
107;dribble;n;çalým
108;shot;n;þut
109;header;n;kafa vuruþu
110;volley;n;vole vuruþu
111;chip;n;lob vuruþu
112;curve shot;n;falso vuruþ
113;save;n;kurtarýþ
114;block;n;blok, kesme
115;clearance;n;uzaklaþtýrma
116;interception;n;top çalma
117;possession;n;top kontrolü
118;counter-attack;n;kontra atak
119;attack;n;atak, hücum
120;defence;n;defans, savunma
121;marking;n;markaj
122;man-marking;n;adam adama markaj
123;zonal marking;n;bölgesel markaj
124;pressing;n;pres yapma
125;high press;n;yüksek pres
126;build-up play;n;oyun kurma
127;set piece;n;duran top
128;wall;n;duvar (serbest vuruþta)
129;shootout;n;penaltý atýþlarý
130;penalty shootout;n;penaltý atýþlarý
131;extra man;n;sayýsal üstünlük
132;transfer;n;transfer
133;transfer window;n;transfer dönemi
134;signing;n;transfer edilen oyuncu
135;contract;n;sözleþme
136;loan;n;kiralýk transfer
137;release clause;n;fesih bedeli maddesi
138;market value;n;piyasa deðeri
139;fee;n;bonservis bedeli
140;agent;n;menajer
141;scout;n;yetenek avcýsý
142;academy;n;altyapý
143;youth team;n;genç takým
144;reserve team;n;rezerv takým
145;first team;n;ilk takým
146;club;n;kulüp
147;league;n;lig
148;division;n;lig kademesi
149;tier;n;kademe (lig)
150;table;n;puan durumu
151;standings;n;puan durumu
152;points;n;puan
153;rank;n;sýralama
154;promotion;n;ligde yükselme
155;relegation;n;ligden düþme
156;title;n;þampiyonluk
157;championship;n;þampiyona
158;trophy;n;kupa
159;cup;n;kupa
160;final;n;final
161;semi-final;n;yarý final
162;quarter-final;n;çeyrek final
163;round of 16;n;son 16
164;group stage;n;grup aþamasý
165;knockout stage;n;eleme aþamasý
166;play-off;n;play-off
167;friendly match;n;hazýrlýk maçý
168;derby;n;derbi
169;rivalry;n;rekabet
170;home game;n;iç saha maçý
171;away game;n;deplasman maçý
172;neutral venue;n;tarafsýz saha
173;season;n;sezon
174;pre-season;n;sezon öncesi
175;fixture;n;maç programý
176;schedule;n;program
177;ball;n;top
178;boots;n;krampon
179;cleats;n;krampon (Amerikan)
180;shin guards;n;tekmelik
181;jersey;n;forma
182;kit;n;forma takýmý
183;home kit;n;iç saha formasý
184;away kit;n;deplasman formasý
185;shorts;n;þort
186;socks;n;çorap (futbol)
187;goalkeeper gloves;n;kaleci eldiveni
188;armband;n;kaptan kolluðu
189;whistle (referee);n;hakem düdüðü
190;flag;n;bayrak (yan hakem)
191;training;n;antrenman
192;training ground;n;antrenman sahasý
193;warm-up;n;ýsýnma
194;stretching;n;esneme hareketleri
195;fitness;n;fiziksel kondisyon
196;stamina;n;dayanýklýlýk
197;speed;n;hýz
198;agility;n;çeviklik
199;strength;n;güç
200;technique;n;teknik
201;skill;n;yetenek
202;ball control;n;top kontrolü
203;first touch;n;ilk dokunuþ
204;finishing;n;bitiricilik
205;composure;n;soðukkanlýlýk
206;vision;n;oyun görüþü
207;awareness;n;farkýndalýk
208;positioning;n;pozisyon alma
209;movement;n;hareket (oyunda)
210;timing;n;zamanlama
211;reaction;n;refleks
212;reflexes;n;refleksler
213;anticipation;n;öngörü
214;decision-making;n;karar verme
215;leadership;n;liderlik
216;team spirit;n;takým ruhu
217;morale;n;moral
218;confidence;n;özgüven
219;pressure;n;baský
220;performance;n;performans
221;form;n;form durumu
222;consistency;n;istikrar
223;momentum;n;ivme
224;comeback;n;geri dönüþ
225;turnaround;n;tersine çevirme
226;upset;n;sürpriz sonuç
227;underdog;n;favori dýþý takým
228;favourite;n;favori (takým)
229;champion;n;þampiyon
230;runner-up;n;ikincilik
231;top scorer;n;gol kralý
232;golden boot;n;altýn ayakkabý
233;best player;n;en iyi oyuncu
234;man of the match;n;maçýn adamý
235;player of the season;n;sezonun oyuncusu
236;injury;n;sakatlýk
237;recovery;n;iyileþme
238;rehabilitation;n;rehabilitasyon
239;physiotherapist;n;fizyoterapist
240;medical team;n;saðlýk ekibi
241;doping;n;doping
242;drug test;n;doping testi
243;commentator;n;spiker
244;pundit;n;yorumcu
245;broadcast;n;yayýn
246;live broadcast;n;canlý yayýn
247;highlights;n;maç özeti
248;replay;n;tekrar (görüntü)
249;slow motion;n;aðýr çekim
250;camera angle;n;kamera açýsý
251;press conference;n;basýn toplantýsý
252;interview;n;röportaj
253;statement;n;açýklama
254;rumour;n;söylenti
255;gossip;n;dedikodu
256;fixture list;n;fikstür
257;kick-off whistle;n;baþlama düdüðü
258;final whistle;n;bitiþ düdüðü
259;added minutes;n;eklenen dakikalar
260;stalemate;n;çýkmaz, berabere durum
261;deadlock;n;çýkmaz
262;nil-nil;n;sýfýr sýfýr
263;scoreless draw;n;golsüz beraberlik
264;goal difference;n;averaj
265;goal average;n;averaj
266;head-to-head;n;ikili averaj
267;aggregate score;n;toplam skor
268;extra-time goal;n;uzatma golü
269;golden goal;n;altýn gol
270;silver goal;n;gümüþ gol
271;sudden death;n;ani ölüm
272;shootout kick;n;penaltý atýþý
273;spot-kick taker;n;penaltý kullanýcýsý
274;wall (free kick);n;duvar
275;curled shot;n;falso þut
276;bicycle kick;n;makaslý vuruþ
277;overhead kick;n;makaslý vuruþ
278;nutmeg;n;paçalar arasýndan top geçirme
279;rainbow flick;n;gökkuþaðý çalýmý
280;step-over;n;çalým (adým üstü)
281;feint;n;yanýltma hareketi
282;trick;n;numara, çalým
283;flair;n;yaratýcýlýk, gösteriþ
284;creativity;n;yaratýcýlýk
285;playmaker;n;oyun kurucu
286;deep-lying playmaker;n;geride oynayan oyun kurucu
287;box-to-box midfielder;n;tüm sahayý kullanan orta saha
288;holding midfielder;n;tutucu orta saha
289;defensive midfielder;n;defansif orta saha
290;attacking midfielder;n;ofansif orta saha
291;centre-back;n;stoper
292;full-back;n;bek
293;left-back;n;sol bek
294;right-back;n;sað bek
295;wing-back;n;kanat beki
296;sweeper;n;libero
297;libero;n;libero
298;lone striker;n;tek forvet
299;target man;n;hedef forvet
300;poacher;n;fýrsatçý golcü
301;false nine;n;sahte santrfor
302;number ten;n;on numara
303;trequartista;n;trequartista (Ýtalyanca on numara)
304;utility player;n;çok yönlü oyuncu
305;to kick;v;tekmelemek, vurmak
306;to score;v;gol atmak
307;to shoot;v;þut çekmek
308;to pass;v;pas vermek
309;to dribble;v;çalým atmak
310;to tackle;v;müdahale etmek
311;to defend;v;savunmak
312;to attack;v;hücum etmek
313;to save (goalkeeper);v;kurtarýþ yapmak
314;to block;v;bloklamak
315;to head the ball;v;kafayla vurmak
316;to cross;v;orta çekmek
317;to mark;v;markaj yapmak
318;to press;v;pres yapmak
319;to counter-attack;v;kontra atak yapmak
320;to substitute;v;oyuncu deðiþtirmek
321;to warm up;v;ýsýnmak
322;to train;v;antrenman yapmak
323;to qualify;v;elenmek dýþýnda kalmak, hak kazanmak
324;to eliminate;v;elemek
325;to advance;v;ilerlemek (turda)
326;to relegate;v;ligden düþürmek
327;to promote;v;ligde yükseltmek
328;to captain;v;kaptanlýk yapmak
329;to referee;v;hakemlik yapmak
330;to whistle;v;düdük çalmak
331;to award a penalty;v;penaltý vermek
332;to book;v;kart göstermek
333;to send off;v;oyundan atmak
334;to appeal;v;itiraz etmek
335;to protest;v;protesto etmek
336;to celebrate;v;kutlamak
337;to equalize;v;beraberlik golünü atmak
338;to level the score;v;skoru eþitlemek
339;to take the lead;v;öne geçmek
340;to trail;v;geride olmak
341;to concede;v;gol yemek
342;to clear the ball;v;topu uzaklaþtýrmak
343;to intercept;v;topu kesmek
344;to control the ball;v;topa hakim olmak
345;to trap the ball;v;topu durdurmak
346;to volley;v;vole vurmak
347;to chip;v;lobla vurmak
348;to curl the ball;v;topa falso vermek
349;to nutmeg;v;paçalar arasýndan geçirmek
350;to sign (a player);v;transfer etmek
351;to loan out;v;kiralýk göndermek
352;to recall;v;geri çaðýrmak (kiralýk)
353;to release;v;sözleþmeyi feshetmek
354;to scout;v;yetenek avcýlýðý yapmak
355;to recruit;v;oyuncu bulmak, transfer etmek
356;to renew a contract;v;sözleþmeyi yenilemek
357;to extend;v;uzatmak (sözleþme)
358;to terminate;v;feshetmek
359;to injure;v;sakatlamak
360;to get injured;v;sakatlanmak
361;to recover;v;iyileþmek
362;to rehabilitate;v;rehabilite etmek
363;to suspend;v;cezalý yapmak
364;to ban;v;yasaklamak
365;to fine;v;para cezasý vermek
366;to disqualify;v;diskalifiye etmek
367;to draw (match);v;berabere kalmak
368;to tie;v;berabere kalmak
369;to lose;v;kaybetmek
370;to win;v;kazanmak
371;to beat;v;yenmek
372;to defeat;v;maðlup etmek
373;to thrash;v;farklý yenmek
374;to hammer;v;farklý yenmek (argo)
375;to demolish;v;ezip geçmek
376;to crush;v;ezmek
377;to knock out;v;elemek (turnuvadan)
378;to top the table;v;puan durumunda ilk sýrada olmak
379;to finish (position);v;sýrada bitirmek
380;to clinch the title;v;þampiyonluðu kesinleþtirmek
381;to secure promotion;v;ligi yükselmeyi garantilemek
382;to face relegation;v;düþme tehlikesi yaþamak
383;to avoid relegation;v;düþmeyi önlemek
384;to line up;v;dizilmek (saha)
385;to start (lineup);v;ilk on birde baþlamak
386;to warm the bench;v;yedek kalmak
387;to come off the bench;v;oyuna yedekten girmek
388;to be subbed off;v;oyundan alýnmak
389;to come on;v;oyuna girmek
390;to go off;v;oyundan çýkmak
391;to be offside;v;ofsayt olmak
392;to appeal for offside;v;ofsayt itirazýnda bulunmak
393;World Cup;n;Dünya Kupasý
394;European Championship;n;Avrupa Þampiyonasý
395;Champions League;n;Þampiyonlar Ligi
396;Europa League;n;Avrupa Ligi
397;Conference League;n;Konferans Ligi
398;Premier League;n;Premier Lig
399;La Liga;n;La Liga
400;Serie A;n;Serie A
401;Bundesliga;n;Bundesliga
402;Ligue 1;n;Ligue 1
403;Super Lig;n;Süper Lig
404;FA Cup;n;FA Kupasý
405;League Cup;n;Lig Kupasý
406;Copa America;n;Copa America
407;AFCON;n;Afrika Uluslar Kupasý
408;Club World Cup;n;Kulüpler Dünya Kupasý
409;national team;n;milli takým
410;international match;n;milli maç
411;friendly international;n;hazýrlýk milli maçý
412;qualifier;n;eleme maçý
413;qualifying round;n;eleme turu
414;seeding;n;kura eþleþtirmesi
415;draw (fixture);n;kura çekimi
416;pot;n;kura potu
417;bracket;n;turnuva aðacý
418;wildcard;n;joker takým
419;host nation;n;ev sahibi ülke
420;host city;n;ev sahibi þehir
421;venue;n;maç sahasý
422;opening ceremony;n;açýlýþ töreni
423;closing ceremony;n;kapanýþ töreni
424;mascot;n;maskot
425;anthem;n;marþ
426;flag bearer;n;bayrak taþýyýcý
427;medal;n;madalya
428;podium;n;podyum
429;trophy presentation;n;kupa töreni
430;lap of honour;n;onur turu
431;parade;n;þampiyonluk kutlamasý
432;open-top bus;n;üstü açýk otobüs turu
433;academy player;n;altyapý oyuncusu
434;homegrown player;n;yerli yetiþme oyuncusu
435;foreign player;n;yabancý oyuncu
436;naturalized player;n;vatandaþlýða geçmiþ oyuncu
437;veteran;n;tecrübeli oyuncu
438;rookie;n;yeni oyuncu, çaylak
439;prodigy;n;yetenekli genç oyuncu
440;wonderkid;n;harika çocuk
441;legend;n;efsane
442;icon;n;ikon
443;ballon d'or;n;altýn top
444;golden ball;n;altýn top (turnuva)
445;best young player award;n;en iyi genç oyuncu ödülü
446;team of the season;n;sezonun on birisi
447;all-star team;n;yýldýzlar takýmý
448;fantasy football;n;fantezi futbol
449;betting odds;n;bahis oranlarý
450;bookmaker;n;bahis þirketi
451;gambling;n;kumar, bahis
452;match-fixing;n;þike
453;corruption (football);n;yolsuzluk (futbol)
454;scandal;n;skandal
455;racism in football;n;futbolda ýrkçýlýk
456;discrimination;n;ayrýmcýlýk
457;fair play;n;fair play, centilmenlik
458;sportsmanship;n;sportmenlik
459;rivalry match;n;rekabet maçý
460;classic (match);n;klasik (maç)
461;El Clasico;n;El Clasico
462;local derby;n;þehir derbisi
463;title decider;n;þampiyonluk maçý
464;six-pointer;n;kritik puan maçý
465;must-win game;n;kazanýlmasý zorunlu maç
466;dead rubber;n;sonucu belirsiz olmayan maç
467;dead heat;n;baþabaþ yarýþ
468;nail-biter;n;heyecanlý, gerilimli maç
469;thriller;n;heyecanlý maç
470;blowout;n;farklý sonuçlanan maç
471;rout;n;aðýr maðlubiyet
472;comeback win;n;geriden gelme galibiyeti
