Kelime;Türkçe Anlamı;V1 (Yalın Hali);V2 (Geçmiş Zaman);V3 (Sıfat Fiil)
a, an;belgisiz harf;-;-;-
ability;yetenek;-;-;-
able;yapabilen;-;-;-
about;hakkında;-;-;-
above;yukarısında;-;-;-
abroad;yurtdışı;-;-;-
absolute;kesin;-;-;-
absolutely;kesinlikle;-;-;-
academic;akademik;-;-;-
accept;kabul etmek;accept;accepted;accepted
acceptable;kabul edilebilir;-;-;-
access;erişim / erişmek;access;accessed;accessed
accident;kaza;-;-;-
accommodation;konaklama;-;-;-
accompany;eşlik etmek;accompany;accompanied;accompanied
according to;göre;-;-;-
account;hesap;account;accounted;accounted
accurate;doğru, kesin;-;-;-
accuse;suçlamak;accuse;accused;accused
achieve;başarmak;achieve;achieved;achieved
achievement;başarı;-;-;-
acknowledge;kabul etmek;acknowledge;acknowledged;acknowledged
acquire;elde etmek;acquire;acquired;acquired
across;karşısında;-;-;-
act;davranmak, eylem;act;acted;acted
action;aksiyon;-;-;-
active;aktif;-;-;-
activity;aktivite;-;-;-
actor;erkek oyuncu;-;-;-
actress;kadın oyuncu;-;-;-
actual;gerçek;-;-;-
actually;aslında;-;-;-
ad;reklam;-;-;-
adapt;uyum sağlamak;adapt;adapted;adapted
add;eklemek;add;added;added
addition;ekleme;-;-;-
additional;ek, ilave;-;-;-
address;adres, hitap etmek;address;addressed;addressed
administration;yönetim, idare;-;-;-
admire;hayran olmak;admire;admired;admired
admit;kabul etmek, itiraf etmek;admit;admitted;admitted
adopt;benimsemek, evlat edinmek;adopt;adopted;adopted
adult;yetişkin;-;-;-
advance;ilerleme, ilerlemek;advance;advanced;advanced
advanced;ileri düzey;-;-;-
advantage;avantaj;-;-;-
adventure;macera;-;-;-
advertise;reklamını yapmak;advertise;advertised;advertised
advertisement;reklam;-;-;-
advertising;reklamcılık;-;-;-
advice;öğüt, tavsiye;-;-;-
advise;tavsiye etmek;advise;advised;advised
affair;olay, ilişki;-;-;-
affect;etkilemek;affect;affected;affected
afford;gücü yetmek;afford;afforded;afforded
afraid;korkmuş;-;-;-
after;sonra;-;-;-
afternoon;öğleden sonra;-;-;-
afterwards;daha sonra;-;-;-
again;tekrar;-;-;-
against;karşı;-;-;-
age;yaş, yaşlanmak;age;aged;aged
aged;yaşlı;-;-;-
agency;ajans;-;-;-
agenda;gündem;-;-;-
agent;acente, ajan;-;-;-
aggressive;saldırgan;-;-;-
ago;önce;-;-;-
agree;aynı fikirde olmak;agree;agreed;agreed
agreement;anlaşma;-;-;-
ah;ah;-;-;-
ahead;ileride;-;-;-
aid;yardım;aid;aided;aided
aim;hedeflemek, amaç;aim;aimed;aimed
air;hava;-;-;-
aircraft;uçak;-;-;-
airline;havayolu;-;-;-
airport;havaalanı;-;-;-
alarm;alarm;alarm;alarmed;alarmed
album;albüm;-;-;-
alcohol;alkol;-;-;-
alcoholic;alkollü;-;-;-
alive;canlı, hayatta;-;-;-
all;tüm, hepsi;-;-;-
all right;tamam, iyi;-;-;-
allow;izin vermek;allow;allowed;allowed
almost;neredeyse;-;-;-
alone;yalnız;-;-;-
along;boyunca;-;-;-
already;zaten;-;-;-
also;ayrıca;-;-;-
alter;değiştirmek;alter;altered;altered
alternative;alternatif;-;-;-
although;-e rağmen;-;-;-
always;her zaman;-;-;-
amazed;hayrete düşmüş;-;-;-
amazing;inanılmaz;-;-;-
ambition;hırs, hedef;-;-;-
ambitious;hırslı;-;-;-
among;arasında;-;-;-
amount;miktar, tutmak (para);amount;amounted;amounted
analyse;analiz etmek;analyse;analysed;analysed
analysis;analiz;-;-;-
ancient;antik;-;-;-
and;ve;-;-;-
anger;öfke;-;-;-
angle;açı;-;-;-
angry;kızgın;-;-;-
animal;hayvan;-;-;-
ankle;ayak bileği;-;-;-
anniversary;yıl dönümü;-;-;-
announce;duyurmak;announce;announced;announced
announcement;duyuru;-;-;-
annoy;sinir etmek;annoy;annoyed;annoyed
annoyed;sinirlenmiş;-;-;-
annoying;sinir bozucu;-;-;-
annual;yıllık;-;-;-
another;başka bir;-;-;-
answer;cevap, cevaplamak;answer;answered;answered
anxious;kaygılı;-;-;-
any;herhangi;-;-;-
anybody;herhangi biri;-;-;-
any more;artık;-;-;-
anyone;herhangi biri;-;-;-
anything;herhangi bir şey;-;-;-
anyway;her neyse;-;-;-
anywhere;herhangi bir yer;-;-;-
apart;ayrı;-;-;-
apartment;daire;-;-;-
apologize;özür dilemek;apologize;apologized;apologized
app;uygulama;-;-;-
apparent;görünen, açık;-;-;-
apparently;görünüşe göre;-;-;-
appeal;çekicilik, başvurmak;appeal;appealed;appealed
appear;görünmek;appear;appeared;appeared
appearance;görünüş;-;-;-
apple;elma;-;-;-
application;uygulama, başvuru;-;-;-
apply;başvurmak, uygulamak;apply;applied;applied
appointment;randevu;-;-;-
appreciate;takdir etmek;appreciate;appreciated;appreciated
approach;yaklaşım, yaklaşmak;approach;approached;approached
appropriate;uygun;-;-;-
approval;onay;-;-;-
approve;onaylamak;approve;approved;approved
approximately;yaklaşık olarak;-;-;-
April;Nisan;-;-;-
architect;mimar;-;-;-
architecture;mimarlık;-;-;-
area;alan, bölge;-;-;-
argue;tartışmak;argue;argued;argued
argument;tartışma;-;-;-
arise;ortaya çıkmak;arise;arose;arisen
arm;kol;-;-;-
armed;silahlı;-;-;-
arms;silahlar;-;-;-
army;ordu;-;-;-
around;etrafında, çevresinde;-;-;-
arrange;düzenlemek;arrange;arranged;arranged
arrangement;düzenleme;-;-;-
arrest;tutuklamak;arrest;arrested;arrested
arrival;varış;-;-;-
arrive;varmak;arrive;arrived;arrived
art;sanat;-;-;-
article;makale;-;-;-
artificial;yapay;-;-;-
artist;sanatçı;-;-;-
artistic;sanatsal;-;-;-
as;olarak, gibi;-;-;-
ashamed;utanmış;-;-;-
ask;sormak;ask;asked;asked
asleep;uykuda;-;-;-
aspect;yön, husus;-;-;-
assess;değerlendirmek;assess;assessed;assessed
assessment;değerlendirme;-;-;-
assignment;ödev, görev;-;-;-
assist;yardım etmek;assist;assisted;assisted
assistant;asistan;-;-;-
associate;ilişkilendirmek;associate;associated;associated
associated;ilişkili;-;-;-
association;dernek, ilişki;-;-;-
assume;varsaymak;assume;assumed;assumed
at;-de, -da;-;-;-
athlete;sporcu;-;-;-
atmosphere;atmosfer;-;-;-
attach;eklemek, iliştirmek;attach;attached;attached
attack;saldırmak, saldırı;attack;attacked;attacked
attempt;denemek, girişim;attempt;attempted;attempted
attend;katılmak;attend;attended;attended
attention;dikkat;-;-;-
attitude;tutum;-;-;-
attract;çekmek, cezbetmek;attract;attracted;attracted
attraction;çekicilik, cazibe;-;-;-
attractive;çekici;-;-;-
audience;izleyici kitlesi;-;-;-
August;Ağustos;-;-;-
aunt;hala, teyze;-;-;-
author;yazar;-;-;-
authority;otorite, yetki;-;-;-
autumn;sonbahar;-;-;-
available;mevcut, uygun;-;-;-
average;ortalama;average;averaged;averaged
avoid;kaçınmak;avoid;avoided;avoided
award;ödül, ödüllendirmek;award;awarded;awarded
aware;farkında;-;-;-
away;uzakta;-;-;-
awful;berbat;-;-;-
baby;bebek;-;-;-
back;arka, geri, sırt;back;backed;backed
background;arka plan;-;-;-
backwards;geriye doğru;-;-;-
bacteria;bakteri;-;-;-
bad;kötü;-;-;-
badly;kötü bir şekilde;-;-;-
bag;çanta;-;-;-
bake;fırında pişirmek;bake;baked;baked
balance;denge, dengelemek;balance;balanced;balanced
ball;top;-;-;-
ban;yasaklamak, yasak;ban;banned;banned
banana;muz;-;-;-
band;grup, bant;-;-;-
bank (money);banka;-;-;-
bank (river);nehir kıyısı;-;-;-
bar;bar, çubuk;bar;barred;barred
barrier;engel;-;-;-
base;taban, dayandırmak;base;based;based
baseball;beyzbol;-;-;-
based;dayalı;-;-;-
basic;temel;-;-;-
basically;temelde;-;-;-
basis;temel, esas;-;-;-
basketball;basketbol;-;-;-
bath;banyo;-;-;-
bathroom;banyo (oda);-;-;-
battery;pil, batarya;-;-;-
battle;savaş, mücadele etmek;battle;battled;battled
be;olmak;be;was/were;been
beach;plaj;-;-;-
bean;fasulye;-;-;-
bear (deal with);katlanmak;bear;bore;borne
bear (animal);ayı;-;-;-
beat;yenmek, vurmak;beat;beat;beaten
beautiful;güzel;-;-;-
beauty;güzellik;-;-;-
because;çünkü;-;-;-
become;olmak, dönüşmek;become;became;become
bed;yatak;-;-;-
bedroom;yatak odası;-;-;-
bee;arı;-;-;-
beef;sığır eti;-;-;-
beer;bira;-;-;-
before;önce;-;-;-
beg;yalvarmak;beg;begged;begged
begin;başlamak;begin;began;begun
beginning;başlangıç;-;-;-
behave;davranmak;behave;behaved;behaved
behaviour;davranış;-;-;-
behind;arkasında;-;-;-
being;varlık, olma hali;-;-;-
belief;inanç;-;-;-
believe;inanmak;believe;believed;believed
bell;zil;-;-;-
belong;ait olmak;belong;belonged;belonged
below;aşağıda;-;-;-
belt;kemer;-;-;-
bend;bükmek, viraj;bend;bent;bent
benefit;fayda, yararlanmak;benefit;benefited;benefited
bent;eğik;-;-;-
best;en iyi;-;-;-
bet;bahis, bahse girmek;bet;bet;bet
better;daha iyi;-;-;-
between;arasında;-;-;-
beyond;ötesinde;-;-;-
bicycle;bisiklet;-;-;-
big;büyük;-;-;-
bike;bisiklet;-;-;-
bill;fatura;bill;billed;billed
billion;milyar;-;-;-
bin;çöp kutusu;-;-;-
biology;biyoloji;-;-;-
bird;kuş;-;-;-
birth;doğum;-;-;-
birthday;doğum günü;-;-;-
biscuit;bisküvi;-;-;-
bit;biraz, parça;-;-;-
bite;ısırmak;bite;bit;bitten
bitter;acı;-;-;-
black;siyah;-;-;-
blame;suçlamak;blame;blamed;blamed
blank;boş;-;-;-
blind;kör;-;-;-
block;blok, engellemek;block;blocked;blocked
blog;blog;-;-;-
blonde;sarışın;-;-;-
blood;kan;-;-;-
blow;üflemek, esmek;blow;blew;blown
blue;mavi;-;-;-
board;tahta, kurul;board;boarded;boarded
boat;tekne;-;-;-
body;vücut;-;-;-
boil;kaynatmak;boil;boiled;boiled
bomb;bomba;bomb;bombed;bombed
bond;bağ, tahvil;-;-;-
bone;kemik;-;-;-
book;kitap, rezervasyon yapmak;book;booked;booked
boot;bot, çizme;-;-;-
border;sınır;border;bordered;bordered
bored;sıkılmış;-;-;-
boring;sıkıcı;-;-;-
born;doğmuş;-;-;-
borrow;ödünç almak;borrow;borrowed;borrowed
boss;patron;-;-;-
both;her ikisi;-;-;-
bother;rahatsız etmek;bother;bothered;bothered
bottle;şişe;-;-;-
bottom;alt, dip;-;-;-
bowl;kase;-;-;-
box;kutu;-;-;-
boy;erkek çocuk;-;-;-
boyfriend;erkek arkadaş;-;-;-
brain;beyin;-;-;-
branch;dal, şube;-;-;-
brand;marka;-;-;-
brave;cesur;-;-;-
bread;ekmek;-;-;-
break;kırmak, mola;break;broke;broken
breakfast;kahvaltı;-;-;-
breast;göğüs;-;-;-
breath;nefes;-;-;-
breathe;nefes almak;breathe;breathed;breathed
breathing;nefes alma;-;-;-
bride;gelin;-;-;-
bridge;köprü;-;-;-
brief;kısa;-;-;-
bright;parlak, zeki;-;-;-
brilliant;parlak, mükemmel;-;-;-
bring;getirmek;bring;brought;brought
broad;geniş;-;-;-
broadcast;yayınlamak;broadcast;broadcast;broadcast
broken;kırık;-;-;-
brother;erkek kardeş;-;-;-
brown;kahverengi;-;-;-
brush;fırça, fırçalamak;brush;brushed;brushed
bubble;kabarcık;-;-;-
budget;bütçe;-;-;-
build;inşa etmek;build;built;built
building;bina;-;-;-
bullet;mermi;-;-;-
bunch;demet, grup;-;-;-
burn;yakmak, yanmak;burn;burned/burnt;burned/burnt
bury;gömmek;bury;buried;buried
bus;otobüs;-;-;-
bush;çalı;-;-;-
business;iş;-;-;-
businessman;iş adamı;-;-;-
busy;meşgul;-;-;-
but;ama;-;-;-
butter;tereyağı;-;-;-
button;düğme;-;-;-
buy;satın almak;buy;bought;bought
by;tarafından;-;-;-
bye;hoşça kal;-;-;-
cable;kablo;-;-;-
cafe;kafe;-;-;-
cake;pasta;-;-;-
calculate;hesaplamak;calculate;calculated;calculated
call;aramak, çağırmak;call;called;called
calm;sakin;calm;calmed;calmed
camera;kamera;-;-;-
camp;kamp;camp;camped;camped
campaign;kampanya;campaign;campaigned;campaigned
camping;kamp yapma;-;-;-
campus;kampüs;-;-;-
can1;yapabilmek;can;could;-
can2;teneke kutu;-;-;-
cancel;iptal etmek;cancel;cancelled;cancelled
cancer;kanser;-;-;-
candidate;aday;-;-;-
cannot;yapamamak;-;-;-
cap;kep, şapka;-;-;-
capable;yetenekli;-;-;-
capacity;kapasite;-;-;-
capital;başkent, sermaye;-;-;-
captain;kaptan;-;-;-
capture;ele geçirmek;capture;captured;captured
car;araba;-;-;-
card;kart;-;-;-
care;önemsemek, bakım;care;cared;cared
career;kariyer;-;-;-
careful;dikkatli;-;-;-
carefully;dikkatlice;-;-;-
careless;dikkatsiz;-;-;-
carpet;halı;-;-;-
carrot;havuç;-;-;-
carry;taşımak;carry;carried;carried
cartoon;çizgi film;-;-;-
case;durum, dava;-;-;-
cash;nakit;-;-;-
cast;oyuncu kadrosu;cast;cast;cast
castle;kale;-;-;-
cat;kedi;-;-;-
catch;yakalamak;catch;caught;caught
category;kategori;-;-;-
cause;neden, neden olmak;cause;caused;caused
CD;CD;-;-;-
ceiling;tavan;-;-;-
celebrate;kutlamak;celebrate;celebrated;celebrated
celebration;kutlama;-;-;-
celebrity;ünlü kişi;-;-;-
cell;hücre;-;-;-
cent;sent;-;-;-
central;merkezi;-;-;-
centre;merkez;centre;centred;centred
century;yüzyıl;-;-;-
ceremony;tören;-;-;-
certain;kesin, emin;-;-;-
certainly;kesinlikle;-;-;-
chain;zincir;chain;chained;chained
chair;sandalye;chair;chaired;chaired
chairman;başkan;-;-;-
challenge;meydan okuma, zorlamak;challenge;challenged;challenged
champion;şampiyon;-;-;-
chance;şans, fırsat;-;-;-
change;değişmek, değiştirmek;change;changed;changed
channel;kanal;-;-;-
chapter;bölüm;-;-;-
character;karakter;-;-;-
characteristic;özellik;-;-;-
charge;ücret, şarj etmek;charge;charged;charged
charity;hayır kurumu;-;-;-
chart;grafik, tablo;chart;charted;charted
chat;sohbet etmek;chat;chatted;chatted
cheap;ucuz;-;-;-
cheat;hile yapmak;cheat;cheated;cheated
check;kontrol etmek;check;checked;checked
cheerful;neşeli;-;-;-
cheese;peynir;-;-;-
chef;şef;-;-;-
chemical;kimyasal;-;-;-
chemistry;kimya;-;-;-
chest;göğüs;-;-;-
chicken;tavuk;-;-;-
chief;şef, baş;-;-;-
child;çocuk;-;-;-
childhood;çocukluk;-;-;-
chip;cips, çip;-;-;-
chocolate;çikolata;-;-;-
choice;seçim;-;-;-
choose;seçmek;choose;chose;chosen
church;kilise;-;-;-
cigarette;sigara;-;-;-
cinema;sinema;-;-;-
circle;daire, çevrelemek;circle;circled;circled
circumstance;durum, koşul;-;-;-
cite;alıntı yapmak;cite;cited;cited
citizen;vatandaş;-;-;-
city;şehir;-;-;-
civil;sivil;-;-;-
claim;iddia etmek;claim;claimed;claimed
class;sınıf;-;-;-
classic;klasik;-;-;-
classical;klasik (müzik);-;-;-
classroom;sınıf (oda);-;-;-
clause;cümlecik, madde;-;-;-
clean;temiz, temizlemek;clean;cleaned;cleaned
clear;net, temizlemek;clear;cleared;cleared
clearly;açıkça;-;-;-
clever;akıllı;-;-;-
click;tıklamak;click;clicked;clicked
client;müşteri;-;-;-
climate;iklim;-;-;-
climb;tırmanmak;climb;climbed;climbed
clock;saat;-;-;-
close1;kapatmak;close;closed;closed
close2;yakın;-;-;-
closed;kapalı;-;-;-
closely;yakından;-;-;-
cloth;kumaş;-;-;-
clothes;giysiler;-;-;-
clothing;giyim;-;-;-
cloud;bulut;-;-;-
club;kulüp;-;-;-
clue;ipucu;-;-;-
coach;antrenör, koç;coach;coached;coached
coal;kömür;-;-;-
coast;kıyı;-;-;-
coat;palto;-;-;-
code;kod;-;-;-
coffee;kahve;-;-;-
coin;madeni para;-;-;-
cold;soğuk;-;-;-
collapse;çökmek;collapse;collapsed;collapsed
colleague;meslektaş;-;-;-
collect;toplamak;collect;collected;collected
collection;koleksiyon;-;-;-
college;kolej, yüksekokul;-;-;-
colour;renk;colour;coloured;coloured
coloured;renkli;-;-;-
column;sütun;-;-;-
combination;kombinasyon;-;-;-
combine;birleştirmek;combine;combined;combined
come;gelmek;come;came;come
comedy;komedi;-;-;-
comfort;rahatlık, teselli etmek;comfort;comforted;comforted
comfortable;rahat;-;-;-
command;emir, komuta etmek;command;commanded;commanded
comment;yorum;comment;commented;commented
commercial;ticari;-;-;-
commission;komisyon;commission;commissioned;commissioned
commit;işlemek (suç), adamak;commit;committed;committed
commitment;bağlılık;-;-;-
committee;komite;-;-;-
common;ortak, yaygın;-;-;-
commonly;genellikle;-;-;-
communicate;iletişim kurmak;communicate;communicated;communicated
communication;iletişim;-;-;-
community;topluluk;-;-;-
company;şirket;-;-;-
compare;karşılaştırmak;compare;compared;compared
comparison;karşılaştırma;-;-;-
compete;yarışmak;compete;competed;competed
competition;yarışma, rekabet;-;-;-
competitive;rekabetçi;-;-;-
competitor;rakip;-;-;-
complain;şikayet etmek;complain;complained;complained
complaint;şikayet;-;-;-
complete;tamamlamak, tam;complete;completed;completed
completely;tamamen;-;-;-
complex;karmaşık;-;-;-
complicated;karmaşık;-;-;-
component;bileşen;-;-;-
computer;bilgisayar;-;-;-
concentrate;odaklanmak;concentrate;concentrated;concentrated
concentration;konsantrasyon;-;-;-
concept;kavram;-;-;-
concern;endişe, ilgilendirmek;concern;concerned;concerned
concerned;endişeli;-;-;-
concert;konser;-;-;-
conclude;sonuçlandırmak;conclude;concluded;concluded
conclusion;sonuç;-;-;-
condition;durum, koşul;-;-;-
conduct;yürütmek, davranış;conduct;conducted;conducted
conference;konferans;-;-;-
confidence;özgüven;-;-;-
confident;kendinden emin;-;-;-
confirm;onaylamak;confirm;confirmed;confirmed
conflict;çatışma;conflict;conflicted;conflicted
confuse;kafasını karıştırmak;confuse;confused;confused
confused;kafası karışmış;-;-;-
confusing;kafa karıştırıcı;-;-;-
connect;bağlamak;connect;connected;connected
connected;bağlı;-;-;-
connection;bağlantı;-;-;-
conscious;bilinçli;-;-;-
consequence;sonuç;-;-;-
conservative;muhafazakar;-;-;-
consider;düşünmek, göz önünde bulundurmak;consider;considered;considered
consideration;dikkate alma;-;-;-
consist;oluşmak;consist;consisted;consisted
consistent;tutarlı;-;-;-
constant;sabit, sürekli;-;-;-
constantly;sürekli olarak;-;-;-
construct;inşa etmek;construct;constructed;constructed
construction;inşaat;-;-;-
consume;tüketmek;consume;consumed;consumed
consumer;tüketici;-;-;-
contact;temas, iletişim kurmak;contact;contacted;contacted
contain;içermek;contain;contained;contained
container;kap, konteyner;-;-;-
contemporary;çağdaş;-;-;-
content1;içerik;-;-;-
contest;yarışma;contest;contested;contested
context;bağlam;-;-;-
continent;kıta;-;-;-
continue;devam etmek;continue;continued;continued
continuous;sürekli;-;-;-
contract;sözleşme;contract;contracted;contracted
contrast;karşıtlık;contrast;contrasted;contrasted
contribute;katkıda bulunmak;contribute;contributed;contributed
contribution;katkı;-;-;-
control;kontrol, kontrol etmek;control;controlled;controlled
convenient;uygun, elverişli;-;-;-
conversation;konuşma;-;-;-
convert;dönüştürmek;convert;converted;converted
convince;ikna etmek;convince;convinced;convinced
convinced;ikna olmuş;-;-;-
cook;pişirmek, aşçı;cook;cooked;cooked
cooker;ocak (mutfak);-;-;-
cooking;yemek pişirme;-;-;-
cool;serin, harika;cool;cooled;cooled
copy;kopya, kopyalamak;copy;copied;copied
core;çekirdek;-;-;-
corner;köşe;-;-;-
corporate;kurumsal;-;-;-
correct;doğru, düzeltmek;correct;corrected;corrected
correctly;doğru bir şekilde;-;-;-
cost;maliyet, mal olmak;cost;cost;cost
costume;kostüm;-;-;-
cottage;kulübe;-;-;-
cotton;pamuk;-;-;-
could;yapabilirdi;-;-;-
council;konsey;-;-;-
count;saymak;count;counted;counted
country;ülke;-;-;-
countryside;kırsal alan;-;-;-
county;ilçe;-;-;-
couple;çift, birkaç;-;-;-
courage;cesaret;-;-;-
course;ders, rota;-;-;-
court;mahkeme;-;-;-
cousin;kuzen;-;-;-
cover;kapatmak, örtmek;cover;covered;covered
covered;örtülü;-;-;-
cow;inek;-;-;-
crash;çarpışma, çarpışmak;crash;crashed;crashed
crazy;çılgın;-;-;-
cream;krema;-;-;-
create;yaratmak;create;created;created
creation;yaratılış;-;-;-
creative;yaratıcı;-;-;-
creature;yaratık;-;-;-
credit;kredi, itibar;credit;credited;credited
crew;mürettebat;-;-;-
crime;suç;-;-;-
criminal;suçlu;-;-;-
crisis;kriz;-;-;-
criterion;ölçüt;-;-;-
critic;eleştirmen;-;-;-
critical;eleştirel, kritik;-;-;-
criticism;eleştiri;-;-;-
criticize;eleştirmek;criticize;criticized;criticized
crop;ekin, ürün;-;-;-
cross;geçmek, çapraz;cross;crossed;crossed
crowd;kalabalık;-;-;-
crowded;kalabalık (sıfat);-;-;-
crucial;çok önemli;-;-;-
cruel;zalim;-;-;-
cry;ağlamak;cry;cried;cried
cultural;kültürel;-;-;-
culture;kültür;-;-;-
cup;fincan;-;-;-
cupboard;dolap;-;-;-
cure;tedavi, iyileştirmek;cure;cured;cured
curly;kıvırcık;-;-;-
currency;para birimi;-;-;-
current;mevcut, akım;-;-;-
currently;şu anda;-;-;-
curtain;perde;-;-;-
curve;eğri;curve;curved;curved
curved;eğri (sıfat);-;-;-
custom;gelenek;-;-;-
customer;müşteri;-;-;-
cut;kesmek;cut;cut;cut
cycle;döngü, bisiklete binmek;cycle;cycled;cycled
dad;baba;-;-;-
daily;günlük;-;-;-
damage;hasar, zarar vermek;damage;damaged;damaged
dance;dans etmek;dance;danced;danced
dancer;dansçı;-;-;-
dancing;dans etme;-;-;-
danger;tehlike;-;-;-
dangerous;tehlikeli;-;-;-
dark;karanlık;-;-;-
data;veri;-;-;-
date;tarih, randevu;date;dated;dated
daughter;kız evlat;-;-;-
day;gün;-;-;-
dead;ölü;-;-;-
deal;anlaşma, uğraşmak;deal;dealt;dealt
dear;sevgili;-;-;-
death;ölüm;-;-;-
debate;tartışma, tartışmak;debate;debated;debated
debt;borç;-;-;-
decade;on yıl;-;-;-
December;Aralık;-;-;-
decent;iyi, düzgün;-;-;-
decide;karar vermek;decide;decided;decided
decision;karar;-;-;-
declare;beyan etmek;declare;declared;declared
decline;reddetmek, azalmak;decline;declined;declined
decorate;dekore etmek;decorate;decorated;decorated
decoration;dekorasyon;-;-;-
decrease;azalmak;decrease;decreased;decreased
deep;derin;-;-;-
deeply;derinden;-;-;-
defeat;yenmek;defeat;defeated;defeated
defence;savunma;-;-;-
defend;savunmak;defend;defended;defended
define;tanımlamak;define;defined;defined
definite;kesin;-;-;-
definitely;kesinlikle;-;-;-
definition;tanım;-;-;-
degree;derece;-;-;-
delay;geciktirmek, gecikme;delay;delayed;delayed
deliberate;kasıtlı;-;-;-
deliberately;kasıtlı olarak;-;-;-
delicious;lezzetli;-;-;-
delight;memnuniyet, sevindirmek;delight;delighted;delighted
delighted;çok memnun;-;-;-
deliver;teslim etmek;deliver;delivered;delivered
delivery;teslimat;-;-;-
demand;talep, talep etmek;demand;demanded;demanded
demonstrate;göstermek;demonstrate;demonstrated;demonstrated
dentist;diş hekimi;-;-;-
deny;inkar etmek;deny;denied;denied
department;departman;-;-;-
departure;hareket, kalkış;-;-;-
depend;bağlı olmak;depend;depended;depended
depressed;depresif;-;-;-
depressing;karamsar;-;-;-
depth;derinlik;-;-;-
describe;tanımlamak, betimlemek;describe;described;described
description;tanımlama;-;-;-
desert;çöl, terk etmek;desert;deserted;deserted
deserve;hak etmek;deserve;deserved;deserved
design;tasarım, tasarlamak;design;designed;designed
designer;tasarımcı;-;-;-
desire;arzu, arzulamak;desire;desired;desired
desk;masa;-;-;-
desperate;umutsuz;-;-;-
despite;-e rağmen;-;-;-
destination;varış noktası;-;-;-
destroy;yok etmek;destroy;destroyed;destroyed
detail;detay;detail;detailed;detailed
detailed;detaylı;-;-;-
detect;tespit etmek;detect;detected;detected
detective;dedektif;-;-;-
determine;belirlemek;determine;determined;determined
determined;kararlı;-;-;-
develop;geliştirmek;develop;developed;developed
development;gelişim;-;-;-
device;cihaz;-;-;-
diagram;diyagram;-;-;-
dialogue;diyalog;-;-;-
diamond;elmas;-;-;-
diary;günlük (defter);-;-;-
dictionary;sözlük;-;-;-
die;ölmek;die;died;died
diet;diyet;-;-;-
difference;fark;-;-;-
different;farklı;-;-;-
differently;farklı bir şekilde;-;-;-
difficult;zor;-;-;-
difficulty;zorluk;-;-;-
dig;kazmak;dig;dug;dug
digital;dijital;-;-;-
dinner;akşam yemeği;-;-;-
direct;doğrudan, yönetmek;direct;directed;directed
direction;yön;-;-;-
directly;doğrudan;-;-;-
director;yönetmen, müdür;-;-;-
dirt;kir;-;-;-
dirty;kirli;-;-;-
disadvantage;dezavantaj;-;-;-
disagree;aynı fikirde olmamak;disagree;disagreed;disagreed
disappear;kaybolmak;disappear;disappeared;disappeared
disappointed;hayal kırıklığına uğramış;-;-;-
disappointing;hayal kırıklığı yaratan;-;-;-
disaster;felaket;-;-;-
disc;disk;-;-;-
discipline;disiplin;-;-;-
discount;indirim;discount;discounted;discounted
discover;keşfetmek;discover;discovered;discovered
discovery;keşif;-;-;-
discuss;tartışmak, görüşmek;discuss;discussed;discussed
discussion;tartışma, görüşme;-;-;-
disease;hastalık;-;-;-
dish;yemek, tabak;-;-;-
dishonest;dürüst olmayan;-;-;-
dislike;hoşlanmamak;dislike;disliked;disliked
dismiss;görevden almak;dismiss;dismissed;dismissed
display;sergilemek, ekran;display;displayed;displayed
distance;mesafe;-;-;-
distribute;dağıtmak;distribute;distributed;distributed
distribution;dağıtım;-;-;-
district;bölge, ilçe;-;-;-
divide;bölmek;divide;divided;divided
division;bölünme, bölüm;-;-;-
divorced;boşanmış;-;-;-
do1;yapmak;do;did;done
doctor;doktor;-;-;-
document;belge;document;documented;documented
documentary;belgesel;-;-;-
dog;köpek;-;-;-
dollar;dolar;-;-;-
domestic;yerli, ev ile ilgili;-;-;-
dominate;hakim olmak;dominate;dominated;dominated
donate;bağışlamak;donate;donated;donated
door;kapı;-;-;-
double;çift, iki katına çıkarmak;double;doubled;doubled
doubt;şüphe, şüphelenmek;doubt;doubted;doubted
down;aşağı;-;-;-
download;indirmek;download;downloaded;downloaded
downstairs;alt kat;-;-;-
downwards;aşağıya doğru;-;-;-
dozen;düzine;-;-;-
draft;taslak;draft;drafted;drafted
drag;sürüklemek;drag;dragged;dragged
drama;drama;-;-;-
dramatic;dramatik;-;-;-
draw;çizmek;draw;drew;drawn
drawing;çizim;-;-;-
dream;rüya, hayal etmek;dream;dreamed/dreamt;dreamed/dreamt
dress;elbise, giydirmek;dress;dressed;dressed
dressed;giyinmiş;-;-;-
drink;içmek;drink;drank;drunk
drive;sürmek (araba);drive;drove;driven
driver;sürücü;-;-;-
driving;sürüş;-;-;-
drop;düşürmek, damla;drop;dropped;dropped
drug;ilaç, uyuşturucu;-;-;-
drum;davul;-;-;-
drunk;sarhoş;-;-;-
dry;kuru, kurulamak;dry;dried;dried
due;beklenen, borçlu;-;-;-
during;sırasında;-;-;-
dust;toz;-;-;-
duty;görev;-;-;-
DVD;DVD;-;-;-
each;her bir;-;-;-
ear;kulak;-;-;-
early;erken;-;-;-
earn;kazanmak (para);earn;earned;earned
earth;dünya;-;-;-
earthquake;deprem;-;-;-
easily;kolayca;-;-;-
east;doğu;-;-;-
eastern;doğu (sıfat);-;-;-
easy;kolay;-;-;-
eat;yemek yemek;eat;ate;eaten
economic;ekonomik;-;-;-
economy;ekonomi;-;-;-
edge;kenar;-;-;-
edit;düzenlemek (metin);edit;edited;edited
edition;baskı, sürüm;-;-;-
editor;editör;-;-;-
educate;eğitmek;educate;educated;educated
educated;eğitimli;-;-;-
education;eğitim;-;-;-
educational;eğitici;-;-;-
effect;etki;-;-;-
effective;etkili;-;-;-
effectively;etkili bir şekilde;-;-;-
efficient;verimli;-;-;-
effort;çaba;-;-;-
egg;yumurta;-;-;-
eight;sekiz;-;-;-
eighteen;on sekiz;-;-;-
eighty;seksen;-;-;-
either;ikisinden biri;-;-;-
elderly;yaşlı;-;-;-
elect;seçmek (oylama);elect;elected;elected
election;seçim;-;-;-
electric;elektrikli;-;-;-
electrical;elektrikli;-;-;-
electricity;elektrik;-;-;-
electronic;elektronik;-;-;-
element;unsur, öğe;-;-;-
elephant;fil;-;-;-
eleven;on bir;-;-;-
else;başka;-;-;-
elsewhere;başka bir yerde;-;-;-
email;e-posta;email;emailed;emailed
embarrassed;utanmış;-;-;-
embarrassing;utandırıcı;-;-;-
emerge;ortaya çıkmak;emerge;emerged;emerged
emergency;acil durum;-;-;-
emotion;duygu;-;-;-
emotional;duygusal;-;-;-
emphasis;vurgu;-;-;-
emphasize;vurgulamak;emphasize;emphasized;emphasized
employ;istihdam etmek;employ;employed;employed
employee;çalışan;-;-;-
employer;işveren;-;-;-
employment;istihdam;-;-;-
empty;boş, boşaltmak;empty;emptied;emptied
enable;olanak sağlamak;enable;enabled;enabled
encounter;karşılaşmak;encounter;encountered;encountered
encourage;teşvik etmek;encourage;encouraged;encouraged
end;son, bitirmek;end;ended;ended
ending;son (bölüm);-;-;-
enemy;düşman;-;-;-
energy;enerji;-;-;-
engage;meşgul etmek, katılmak;engage;engaged;engaged
engaged;nişanlı, meşgul;-;-;-
engine;motor;-;-;-
engineer;mühendis;-;-;-
engineering;mühendislik;-;-;-
enhance;geliştirmek, iyileştirmek;enhance;enhanced;enhanced
enjoy;zevk almak;enjoy;enjoyed;enjoyed
enormous;çok büyük;-;-;-
enough;yeterli;-;-;-
enquiry;soruşturma, sorgu;-;-;-
ensure;sağlamak, garanti etmek;ensure;ensured;ensured
enter;girmek;enter;entered;entered
entertain;eğlendirmek;entertain;entertained;entertained
entertainment;eğlence;-;-;-
enthusiasm;coşku;-;-;-
enthusiastic;hevesli;-;-;-
entire;bütün, tüm;-;-;-
entirely;tamamen;-;-;-
entrance;giriş;-;-;-
entry;giriş, kayıt;-;-;-
environment;çevre;-;-;-
environmental;çevresel;-;-;-
episode;bölüm (dizi);-;-;-
equal;eşit;equal;equalled;equalled
equally;eşit şekilde;-;-;-
equipment;ekipman;-;-;-
error;hata;-;-;-
escape;kaçmak;escape;escaped;escaped
especially;özellikle;-;-;-
essay;deneme, kompozisyon;-;-;-
essential;gerekli, temel;-;-;-
establish;kurmak;establish;established;established
estate;mülk, emlak;-;-;-
estimate;tahmin etmek;estimate;estimated;estimated
ethical;etik;-;-;-
euro;avro;-;-;-
evaluate;değerlendirmek;evaluate;evaluated;evaluated
even;hatta, düz;-;-;-
evening;akşam;-;-;-
event;olay;-;-;-
eventually;sonunda;-;-;-
ever;hiç;-;-;-
every;her;-;-;-
everybody;herkes;-;-;-
everyday;günlük;-;-;-
everyone;herkes;-;-;-
everything;her şey;-;-;-
everywhere;her yerde;-;-;-
evidence;kanıt;-;-;-
evil;kötü;-;-;-
exact;tam, kesin;-;-;-
exactly;tam olarak;-;-;-
exam;sınav;-;-;-
examination;inceleme, sınav;-;-;-
examine;incelemek;examine;examined;examined
example;örnek;-;-;-
excellent;mükemmel;-;-;-
except;hariç;-;-;-
exchange;değişim, değiştirmek;exchange;exchanged;exchanged
excited;heyecanlı;-;-;-
excitement;heyecan;-;-;-
exciting;heyecan verici;-;-;-
excuse;bahane, mazur görmek;excuse;excused;excused
executive;yönetici;-;-;-
exercise;egzersiz, egzersiz yapmak;exercise;exercised;exercised
exhibition;sergi;-;-;-
exist;var olmak;exist;existed;existed
existence;varlık;-;-;-
expand;genişlemek;expand;expanded;expanded
expect;beklemek;expect;expected;expected
expectation;beklenti;-;-;-
expected;beklenen;-;-;-
expedition;sefer, keşif gezisi;-;-;-
expense;masraf;-;-;-
expensive;pahalı;-;-;-
experience;deneyim;experience;experienced;experienced
experienced;deneyimli;-;-;-
experiment;deney;experiment;experimented;experimented
expert;uzman;-;-;-
explain;açıklamak;explain;explained;explained
explanation;açıklama;-;-;-
explode;patlamak;explode;exploded;exploded
exploration;keşif;-;-;-
explore;keşfetmek;explore;explored;explored
explosion;patlama;-;-;-
export;ihracat, ihraç etmek;export;exported;exported
expose;maruz bırakmak;expose;exposed;exposed
express;ifade etmek;express;expressed;expressed
expression;ifade;-;-;-
extend;uzatmak, genişletmek;extend;extended;extended
extent;derece, kapsam;-;-;-
external;dış;-;-;-
extra;ekstra, fazladan;-;-;-
extraordinary;olağanüstü;-;-;-
extreme;aşırı;-;-;-
extremely;son derece;-;-;-
eye;göz;-;-;-
face;yüz, karşılaşmak;face;faced;faced
facility;tesis, imkan;-;-;-
fact;gerçek;-;-;-
factor;faktör;-;-;-
factory;fabrika;-;-;-
fail;başarısız olmak;fail;failed;failed
failure;başarısızlık;-;-;-
fair;adil;-;-;-
fairly;oldukça, adil bir şekilde;-;-;-
faith;inanç;-;-;-
fall;düşmek;fall;fell;fallen
false;yanlış, sahte;-;-;-
familiar;tanıdık, aşina;-;-;-
family;aile;-;-;-
famous;ünlü;-;-;-
fan;hayran, yelpaze;-;-;-
fancy;hayal etmek, süslü;fancy;fancied;fancied
fantastic;harika;-;-;-
far;uzak;-;-;-
farm;çiftlik, çiftçilik yapmak;farm;farmed;farmed
farmer;çiftçi;-;-;-
farming;çiftçilik;-;-;-
fascinating;büyüleyici;-;-;-
fashion;moda;-;-;-
fashionable;moda olan;-;-;-
fast;hızlı;-;-;-
fasten;bağlamak, sıkıştırmak;fasten;fastened;fastened
fat;yağ, şişman;-;-;-
father;baba;-;-;-
fault;kusur, hata;-;-;-
favour;iyilik;favour;favoured;favoured
favourite;favori;-;-;-
fear;korku, korkmak;fear;feared;feared
feather;tüy;-;-;-
feature;özellik;feature;featured;featured
February;Şubat;-;-;-
fee;ücret;-;-;-
feed;beslemek;feed;fed;fed
feedback;geri bildirim;-;-;-
feel;hissetmek;feel;felt;felt
feeling;his, duygu;-;-;-
fellow;arkadaş, meslektaş;-;-;-
female;dişi, kadın;-;-;-
fence;çit;-;-;-
festival;festival;-;-;-
few;az sayıda;-;-;-
fiction;kurgu;-;-;-
field;tarla, alan;-;-;-
fifteen;on beş;-;-;-
fifth;beşinci;-;-;-
fifty;elli;-;-;-
fight;kavga etmek, savaşmak;fight;fought;fought
fighting;kavga, dövüş;-;-;-
figure;rakam, şekil;figure;figured;figured
file;dosya;file;filed;filed
fill;doldurmak;fill;filled;filled
film;film, filme çekmek;film;filmed;filmed
final;son, final;-;-;-
finally;sonunda;-;-;-
finance;finans;finance;financed;financed
financial;finansal;-;-;-
find;bulmak;find;found;found
finding;bulgu;-;-;-
fine;iyi, ince;-;-;-
finger;parmak;-;-;-
finish;bitirmek;finish;finished;finished
fire;ateş, kovmak;fire;fired;fired
firm;firma, sağlam;-;-;-
first;ilk;-;-;-
firstly;ilk olarak;-;-;-
fish;balık, balık tutmak;fish;fished;fished
fishing;balıkçılık;-;-;-
fit;uygun olmak, formda;fit;fitted/fit;fitted/fit
fitness;fitness, form;-;-;-
five;beş;-;-;-
fix;onarmak, sabitlemek;fix;fixed;fixed
fixed;sabit;-;-;-
flag;bayrak;-;-;-
flame;alev;-;-;-
flash;flaş, parlamak;flash;flashed;flashed
flat;daire, düz;-;-;-
flexible;esnek;-;-;-
flight;uçuş;-;-;-
float;yüzmek (suda), süzülmek;float;floated;floated
flood;sel, su basmak;flood;flooded;flooded
floor;kat, zemin;-;-;-
flour;un;-;-;-
flow;akmak;flow;flowed;flowed
flower;çiçek;-;-;-
flu;grip;-;-;-
fly;uçmak;fly;flew;flown
flying;uçma;-;-;-
focus;odaklanmak;focus;focused;focused
fold;katlamak;fold;folded;folded
folding;katlanabilir;-;-;-
folk;halk;-;-;-
follow;takip etmek;follow;followed;followed
following;takip eden, sonraki;-;-;-
food;yiyecek;-;-;-
foot;ayak;-;-;-
football;futbol;-;-;-
for;için;-;-;-
force;güç, zorlamak;force;forced;forced
foreign;yabancı;-;-;-
forest;orman;-;-;-
forever;sonsuza dek;-;-;-
forget;unutmak;forget;forgot;forgotten
forgive;affetmek;forgive;forgave;forgiven
fork;çatal;-;-;-
form;form, şekillendirmek;form;formed;formed
formal;resmi;-;-;-
former;eski, önceki;-;-;-
fortunately;neyse ki;-;-;-
fortune;servet, şans;-;-;-
forty;kırk;-;-;-
forward;ileri;-;-;-
found;kurmak;found;founded;founded
four;dört;-;-;-
fourteen;on dört;-;-;-
fourth;dördüncü;-;-;-
frame;çerçeve;frame;framed;framed
free;özgür, ücretsiz;free;freed;freed
freedom;özgürlük;-;-;-
freeze;donmak;freeze;froze;frozen
frequency;sıklık;-;-;-
frequently;sık sık;-;-;-
fresh;taze;-;-;-
Friday;Cuma;-;-;-
fridge;buzdolabı;-;-;-
friend;arkadaş;-;-;-
friendly;arkadaşça;-;-;-
friendship;arkadaşlık;-;-;-
frighten;korkutmak;frighten;frightened;frightened
frightened;korkmuş;-;-;-
frightening;korkutucu;-;-;-
frog;kurbağa;-;-;-
from;-den;-;-;-
front;ön;-;-;-
frozen;donmuş;-;-;-
fruit;meyve;-;-;-
fry;kızartmak;fry;fried;fried
fuel;yakıt;fuel;fuelled;fuelled
full;dolu;-;-;-
fully;tamamen;-;-;-
fun;eğlence;-;-;-
function;işlev, çalışmak;function;functioned;functioned
fund;fon, fonlamak;fund;funded;funded
fundamental;temel;-;-;-
funding;finansman;-;-;-
funny;komik;-;-;-
fur;kürk;-;-;-
furniture;mobilya;-;-;-
further;daha ileri;-;-;-
furthermore;ayrıca;-;-;-
future;gelecek;-;-;-
gain;kazanmak, kazanç;gain;gained;gained
gallery;galeri;-;-;-
game;oyun;-;-;-
gang;çete;-;-;-
gap;boşluk, aralık;-;-;-
garage;garaj;-;-;-
garden;bahçe;-;-;-
gas;gaz;-;-;-
gate;kapı, giriş;-;-;-
gather;toplamak, bir araya gelmek;gather;gathered;gathered
general;genel;-;-;-
generally;genellikle;-;-;-
generate;üretmek, yaratmak;generate;generated;generated
generation;nesil;-;-;-
generous;cömert;-;-;-
genre;tür (edebi/sanatsal);-;-;-
gentle;nazik, yumuşak;-;-;-
gentleman;beyefendi;-;-;-
geography;coğrafya;-;-;-
get;almak, elde etmek;get;got;got/gotten
ghost;hayalet;-;-;-
giant;dev;-;-;-
gift;hediye;-;-;-
girl;kız çocuk;-;-;-
girlfriend;kız arkadaş;-;-;-
give;vermek;give;gave;given
glad;memnun;-;-;-
glass;cam, bardak;-;-;-
global;küresel;-;-;-
glove;eldiven;-;-;-
go;gitmek;go;went;gone
goal;hedef, gol;-;-;-
god;tanrı;-;-;-
gold;altın;-;-;-
golf;golf;-;-;-
good;iyi;-;-;-
goodbye;hoşça kal;-;-;-
goods;mallar;-;-;-
govern;yönetmek (devlet);govern;governed;governed
government;hükümet;-;-;-
grab;kapmak;grab;grabbed;grabbed
grade;not, sınıf;grade;graded;graded
gradually;yavaş yavaş;-;-;-
graduate;mezun olmak;graduate;graduated;graduated
grain;tahıl;-;-;-
grand;görkemli;-;-;-
grandfather;dede;-;-;-
grandmother;büyükanne;-;-;-
grandparent;büyük ebeveyn;-;-;-
grant;hibe, vermek;grant;granted;granted
grass;çim;-;-;-
grateful;minnettar;-;-;-
great;harika, büyük;-;-;-
green;yeşil;-;-;-
greet;selamlamak;greet;greeted;greeted
grey;gri;-;-;-
ground;zemin, yer;-;-;-
group;grup;-;-;-
grow;büyümek;grow;grew;grown
growth;büyüme;-;-;-
guarantee;garanti, garanti etmek;guarantee;guaranteed;guaranteed
guard;muhafız, korumak;guard;guarded;guarded
guess;tahmin etmek;guess;guessed;guessed
guest;misafir;-;-;-
guide;rehber, rehberlik etmek;guide;guided;guided
guilty;suçlu;-;-;-
guitar;gitar;-;-;-
gun;silah, tabanca;-;-;-
guy;adam, herif;-;-;-
gym;spor salonu;-;-;-
habit;alışkanlık;-;-;-
hair;saç;-;-;-
half;yarım, yarı;-;-;-
hall;salon, koridor;-;-;-
hand;el, uzatmak;hand;handed;handed
handle;kulp, ele almak;handle;handled;handled
hang;asmak;hang;hung;hung
happen;olmak, gerçekleşmek;happen;happened;happened
happily;mutlu bir şekilde;-;-;-
happiness;mutluluk;-;-;-
happy;mutlu;-;-;-
hard;zor, sert;-;-;-
hardly;neredeyse hiç;-;-;-
harm;zarar, zarar vermek;harm;harmed;harmed
harmful;zararlı;-;-;-
hat;şapka;-;-;-
hate;nefret etmek;hate;hated;hated
have;sahip olmak;have;had;had
have to;zorunda olmak;-;-;-
he;o (erkek);-;-;-
head;baş, yönetmek;head;headed;headed
headache;baş ağrısı;-;-;-
headline;manşet;-;-;-
health;sağlık;-;-;-
healthy;sağlıklı;-;-;-
hear;duymak;hear;heard;heard
hearing;duyma, işitme;-;-;-
heart;kalp;-;-;-
heat;ısı, ısıtmak;heat;heated;heated
heating;ısıtma;-;-;-
heaven;cennet;-;-;-
heavily;ağır bir şekilde;-;-;-
heavy;ağır;-;-;-
heel;topuk;-;-;-
height;boy, yükseklik;-;-;-
helicopter;helikopter;-;-;-
hell;cehennem;-;-;-
hello;merhaba;-;-;-
help;yardım etmek;help;helped;helped
helpful;yardımcı;-;-;-
her;onun (kadın);-;-;-
here;burada;-;-;-
hero;kahraman;-;-;-
hers;onunki (kadın);-;-;-
herself;kendisi (kadın);-;-;-
hesitate;tereddüt etmek;hesitate;hesitated;hesitated
hey;hey;-;-;-
hi;selam;-;-;-
hide;saklamak;hide;hid;hidden
high;yüksek;-;-;-
highlight;vurgulamak, önemli nokta;highlight;highlighted;highlighted
highly;oldukça, son derece;-;-;-
hill;tepe;-;-;-
him;onu (erkek);-;-;-
himself;kendisi (erkek);-;-;-
hire;kiralamak, işe almak;hire;hired;hired
his;onun (erkek);-;-;-
historic;tarihi (önemli);-;-;-
historical;tarihsel;-;-;-
history;tarih;-;-;-
hit;vurmak;hit;hit;hit
hobby;hobi;-;-;-
hockey;hokey;-;-;-
hold;tutmak;hold;held;held
hole;delik;-;-;-
holiday;tatil;-;-;-
hollow;içi boş;-;-;-
holy;kutsal;-;-;-
home;ev;-;-;-
homework;ev ödevi;-;-;-
honest;dürüst;-;-;-
honour;onur, onurlandırmak;honour;honoured;honoured
hope;umut etmek;hope;hoped;hoped
horrible;korkunç;-;-;-
horror;dehşet, korku;-;-;-
horse;at;-;-;-
hospital;hastane;-;-;-
host;ev sahibi, sunmak;host;hosted;hosted
hot;sıcak;-;-;-
hotel;otel;-;-;-
hour;saat (süre);-;-;-
house;ev, barındırmak;house;housed;housed
household;hane, ev halkı;-;-;-
housing;konut;-;-;-
how;nasıl;-;-;-
however;ancak;-;-;-
huge;çok büyük;-;-;-
human;insan;-;-;-
humorous;esprili;-;-;-
humour;mizah;-;-;-
hundred;yüz (sayı);-;-;-
hungry;aç;-;-;-
hunt;avlamak;hunt;hunted;hunted
hunting;avcılık;-;-;-
hurricane;kasırga;-;-;-
hurry;acele etmek;hurry;hurried;hurried
hurt;incitmek, acı vermek;hurt;hurt;hurt
husband;koca;-;-;-
I;ben;-;-;-
ice;buz;-;-;-
ice cream;dondurma;-;-;-
idea;fikir;-;-;-
ideal;ideal;-;-;-
identify;tanımlamak, kimliğini belirlemek;identify;identified;identified
identity;kimlik;-;-;-
if;eğer;-;-;-
ignore;görmezden gelmek;ignore;ignored;ignored
ill;hasta;-;-;-
illegal;yasadışı;-;-;-
illness;hastalık;-;-;-
illustrate;göstermek, resimlemek;illustrate;illustrated;illustrated
illustration;çizim, resim;-;-;-
image;imaj, görüntü;-;-;-
imaginary;hayali;-;-;-
imagination;hayal gücü;-;-;-
imagine;hayal etmek;imagine;imagined;imagined
immediate;acil, ani;-;-;-
immediately;hemen;-;-;-
immigrant;göçmen;-;-;-
impact;etki;impact;impacted;impacted
impatient;sabırsız;-;-;-
imply;ima etmek;imply;implied;implied
import;ithal etmek, ithalat;import;imported;imported
importance;önem;-;-;-
important;önemli;-;-;-
impose;dayatmak;impose;imposed;imposed
impossible;imkansız;-;-;-
impress;etkilemek;impress;impressed;impressed
impressed;etkilenmiş;-;-;-
impression;izlenim;-;-;-
impressive;etkileyici;-;-;-
improve;geliştirmek, iyileştirmek;improve;improved;improved
improvement;iyileşme;-;-;-
in;içinde;-;-;-
inch;inç;-;-;-
incident;olay;-;-;-
include;içermek, dahil etmek;include;included;included
included;dahil;-;-;-
including;dahil olmak üzere;-;-;-
income;gelir;-;-;-
increase;artmak, artırmak;increase;increased;increased
increasingly;giderek artan şekilde;-;-;-
incredible;inanılmaz;-;-;-
incredibly;inanılmaz derecede;-;-;-
indeed;gerçekten;-;-;-
independent;bağımsız;-;-;-
indicate;belirtmek, göstermek;indicate;indicated;indicated
indirect;dolaylı;-;-;-
individual;birey, bireysel;-;-;-
indoor;kapalı mekan;-;-;-
indoors;iç mekanda;-;-;-
industrial;endüstriyel;-;-;-
industry;endüstri;-;-;-
infection;enfeksiyon;-;-;-
influence;etki, etkilemek;influence;influenced;influenced
inform;bilgilendirmek;inform;informed;informed
informal;resmi olmayan;-;-;-
information;bilgi;-;-;-
ingredient;malzeme (yemek);-;-;-
initial;ilk, başlangıç;-;-;-
initially;başlangıçta;-;-;-
initiative;girişim;-;-;-
injure;yaralamak;injure;injured;injured
injured;yaralı;-;-;-
injury;yaralanma;-;-;-
inner;iç;-;-;-
innocent;masum;-;-;-
insect;böcek;-;-;-
inside;içeride;-;-;-
insight;iç görü;-;-;-
insist;ısrar etmek;insist;insisted;insisted
inspire;ilham vermek;inspire;inspired;inspired
install;kurmak (yazılım/cihaz);install;installed;installed
instance;örnek;-;-;-
instead;bunun yerine;-;-;-
institute;enstitü;-;-;-
institution;kurum;-;-;-
instruction;talimat;-;-;-
instructor;eğitmen;-;-;-
instrument;enstrüman, alet;-;-;-
insurance;sigorta;-;-;-
intelligence;zeka;-;-;-
intelligent;zeki;-;-;-
intend;niyetlenmek;intend;intended;intended
intended;amaçlanan;-;-;-
intense;yoğun;-;-;-
intention;niyet;-;-;-
interest;ilgi, faiz;interest;interested;interested
interested;ilgilenen;-;-;-
interesting;ilginç;-;-;-
internal;iç, dahili;-;-;-
international;uluslararası;-;-;-
internet;internet;-;-;-
interpret;yorumlamak;interpret;interpreted;interpreted
interrupt;kesmek (sözünü);interrupt;interrupted;interrupted
interview;görüşme, röportaj yapmak;interview;interviewed;interviewed
into;içine;-;-;-
introduce;tanıtmak;introduce;introduced;introduced
introduction;giriş, tanıtım;-;-;-
invent;icat etmek;invent;invented;invented
invention;icat;-;-;-
invest;yatırım yapmak;invest;invested;invested
investigate;araştırmak, soruşturmak;investigate;investigated;investigated
investigation;soruşturma;-;-;-
investment;yatırım;-;-;-
invitation;davet;-;-;-
invite;davet etmek;invite;invited;invited
involve;içermek, dahil etmek;involve;involved;involved
involved;dahil olmuş;-;-;-
iron;ütü, demir;iron;ironed;ironed
island;ada;-;-;-
issue;konu, sorun;issue;issued;issued
IT;bilgi teknolojisi;-;-;-
it;o (nesne);-;-;-
item;madde, ürün;-;-;-
its;onun (nesne);-;-;-
itself;kendisi (nesne);-;-;-
jacket;ceket;-;-;-
jam;reçel;-;-;-
January;Ocak;-;-;-
jazz;caz;-;-;-
jeans;kot pantolon;-;-;-
jewellery;mücevher;-;-;-
job;iş;-;-;-
join;katılmak;join;joined;joined
joke;şaka, şaka yapmak;joke;joked;joked
journal;dergi, günlük;-;-;-
journalist;gazeteci;-;-;-
journey;yolculuk;-;-;-
joy;neşe;-;-;-
judge;hakim, yargılamak;judge;judged;judged
judgement;yargı, karar;-;-;-
juice;meyve suyu;-;-;-
July;Temmuz;-;-;-
jump;atlamak;jump;jumped;jumped
June;Haziran;-;-;-
junior;genç, alt kademeli;-;-;-
just;sadece, tam;-;-;-
justice;adalet;-;-;-
justify;haklı çıkarmak;justify;justified;justified
keen;hevesli;-;-;-
keep;tutmak, saklamak;keep;kept;kept
key;anahtar;key;keyed;keyed
keyboard;klavye;-;-;-
kick;tekmelemek;kick;kicked;kicked
kid;çocuk;-;-;-
kill;öldürmek;kill;killed;killed
killing;öldürme;-;-;-
kilometre;kilometre;-;-;-
kind (type);tür, çeşit;-;-;-
kind (caring);nazik;-;-;-
king;kral;-;-;-
kiss;öpmek, öpücük;kiss;kissed;kissed
kitchen;mutfak;-;-;-
knee;diz;-;-;-
knife;bıçak;-;-;-
knock;kapıyı çalmak, vurmak;knock;knocked;knocked
know;bilmek;know;knew;known
knowledge;bilgi;-;-;-
lab;laboratuvar;-;-;-
label;etiket, etiketlemek;label;labelled;labelled
laboratory;laboratuvar;-;-;-
labour;emek, işçilik;-;-;-
lack;eksiklik, yoksun olmak;lack;lacked;lacked
lady;hanımefendi;-;-;-
lake;göl;-;-;-
lamp;lamba;-;-;-
land;kara, arazi, konmak;land;landed;landed
landscape;manzara;-;-;-
language;dil;-;-;-
laptop;dizüstü bilgisayar;-;-;-
large;büyük;-;-;-
largely;büyük ölçüde;-;-;-
last1 (final);son;-;-;-
last1 (taking time);sürmek (zaman);last;lasted;lasted
late;geç;-;-;-
later;daha sonra;-;-;-
latest;en son;-;-;-
laugh;gülmek;laugh;laughed;laughed
laughter;gülme, kahkaha;-;-;-
launch;başlatmak, piyasaya sürmek;launch;launched;launched
law;kanun;-;-;-
lawyer;avukat;-;-;-
lay;koymak, yatırmak;lay;laid;laid
layer;katman;-;-;-
lazy;tembel;-;-;-
lead1;yönetmek, önderlik etmek;lead;led;led
leader;lider;-;-;-
leadership;liderlik;-;-;-
leading;önde gelen;-;-;-
leaf;yaprak;-;-;-
league;lig;-;-;-
lean;yaslanmak, zayıf;lean;leaned/leant;leaned/leant
learn;öğrenmek;learn;learned/learnt;learned/learnt
learning;öğrenme;-;-;-
least;en az;-;-;-
leather;deri;-;-;-
leave;ayrılmak, bırakmak;leave;left;left
lecture;ders, konferans;lecture;lectured;lectured
left;sol;-;-;-
leg;bacak;-;-;-
legal;yasal;-;-;-
leisure;boş zaman;-;-;-
lemon;limon;-;-;-
lend;ödünç vermek;lend;lent;lent
length;uzunluk;-;-;-
less;daha az;-;-;-
lesson;ders;-;-;-
let;izin vermek, bırakmak;let;let;let
letter;mektup, harf;-;-;-
level;seviye;level;levelled;levelled
library;kütüphane;-;-;-
licence;lisans, ruhsat;-;-;-
lie1;yatmak, uzanmak;lie;lay;lain
lie2;yalan söylemek;lie;lied;lied
life;hayat;-;-;-
lifestyle;yaşam tarzı;-;-;-
lift;kaldırmak, asansör;lift;lifted;lifted
light (sun/lamp);ışık, aydınlatmak;light;lit/lighted;lit/lighted
light (not heavy);hafif;-;-;-
like (similar);gibi;-;-;-
like (find pleasant);hoşlanmak, sevmek;like;liked;liked
likely;muhtemel;-;-;-
limit;sınır, sınırlamak;limit;limited;limited
limited;sınırlı;-;-;-
line;çizgi, sıra;line;lined;lined
link;bağlantı, bağlamak;link;linked;linked
lion;aslan;-;-;-
lip;dudak;-;-;-
liquid;sıvı;-;-;-
list;liste, listelemek;list;listed;listed
listen;dinlemek;listen;listened;listened
listener;dinleyici;-;-;-
literature;edebiyat;-;-;-
little;küçük, az;-;-;-
live1;yaşamak;live;lived;lived
live2;canlı yayında;-;-;-
lively;canlı, hareketli;-;-;-
living;yaşayan, geçim;-;-;-
load;yük, yüklemek;load;loaded;loaded
loan;kredi, borç;loan;loaned;loaned
local;yerel;-;-;-
locate;bulmak, konumlandırmak;locate;located;located
located;konumlanmış;-;-;-
location;konum;-;-;-
lock;kilit, kilitlemek;lock;locked;locked
logical;mantıklı;-;-;-
lonely;yalnız;-;-;-
long1;uzun;-;-;-
long-term;uzun vadeli;-;-;-
look;bakmak, görünmek;look;looked;looked
loose;gevşek;-;-;-
lord;lord, efendi;-;-;-
lorry;kamyon;-;-;-
lose;kaybetmek;lose;lost;lost
loss;kayıp;-;-;-
lost;kaybolmuş;-;-;-
lot;çok (miktar);-;-;-
loud;yüksek sesli;-;-;-
loudly;yüksek sesle;-;-;-
love;aşk, sevmek;love;loved;loved
lovely;güzel, hoş;-;-;-
low;düşük, alçak;-;-;-
lower;indirmek, alçaltmak;lower;lowered;lowered
luck;şans;-;-;-
lucky;şanslı;-;-;-
lunch;öğle yemeği;-;-;-
lung;akciğer;-;-;-
luxury;lüks;-;-;-
machine;makine;-;-;-
mad;çılgın, deli;-;-;-
magazine;dergi;-;-;-
magic;sihir;-;-;-
mail;posta, postalamak;mail;mailed;mailed
main;ana, başlıca;-;-;-
mainly;çoğunlukla;-;-;-
maintain;sürdürmek, bakımını yapmak;maintain;maintained;maintained
major;büyük, önemli;-;-;-
majority;çoğunluk;-;-;-
make;yapmak;make;made;made
male;erkek;-;-;-
mall;alışveriş merkezi;-;-;-
man;adam;-;-;-
manage;yönetmek, başarmak;manage;managed;managed
management;yönetim;-;-;-
manager;müdür, yönetici;-;-;-
manner;tavır, biçim;-;-;-
many;çok (sayılabilir);-;-;-
map;harita;map;mapped;mapped
March;Mart;-;-;-
mark;işaret, işaretlemek;mark;marked;marked
market;pazar, piyasa;market;marketed;marketed
marketing;pazarlama;-;-;-
marriage;evlilik;-;-;-
married;evli;-;-;-
marry;evlenmek;marry;married;married
mass;kütle, kitle;-;-;-
massive;çok büyük;-;-;-
master;usta, ustalaşmak;master;mastered;mastered
match;maç, eşleşmek;match;matched;matched
matching;uyumlu, eşleşen;-;-;-
material;malzeme;-;-;-
mathematics;matematik;-;-;-
maths;matematik;-;-;-
matter;mesele, önemli olmak;matter;mattered;mattered
maximum;maksimum;-;-;-
May;Mayıs;-;-;-
may;-ebilir (izin/olasılık);-;-;-
maybe;belki;-;-;-
me;beni, bana;-;-;-
meal;yemek (öğün);-;-;-
mean;anlamına gelmek;mean;meant;meant
meaning;anlam;-;-;-
means;araç, yol;-;-;-
meanwhile;bu arada;-;-;-
measure;ölçmek, önlem;measure;measured;measured
measurement;ölçüm;-;-;-
meat;et;-;-;-
media;medya;-;-;-
medical;tıbbi;-;-;-
medicine;ilaç, tıp;-;-;-
medium;orta, ortam;-;-;-
meet;buluşmak, tanışmak;meet;met;met
meeting;toplantı;-;-;-
melt;erimek;melt;melted;melted
member;üye;-;-;-
memory;hafıza, anı;-;-;-
mental;zihinsel;-;-;-
mention;bahsetmek;mention;mentioned;mentioned
menu;menü;-;-;-
mess;dağınıklık;mess;messed;messed
message;mesaj;-;-;-
metal;metal;-;-;-
method;yöntem;-;-;-
metre;metre;-;-;-
middle;orta;-;-;-
midnight;gece yarısı;-;-;-
might;-ebilir (olasılık);-;-;-
mild;hafif, ılıman;-;-;-
mile;mil;-;-;-
military;askeri;-;-;-
milk;süt;-;-;-
million;milyon;-;-;-
mind;zihin, aldırmak;mind;minded;minded
mine (belongs to me);benimki;-;-;-
mine (hole in ground);maden;-;-;-
mineral;mineral;-;-;-
minimum;minimum;-;-;-
minister;bakan;-;-;-
minor;küçük, önemsiz;-;-;-
minority;azınlık;-;-;-
minute1;dakika;-;-;-
mirror;ayna;-;-;-
miss;özlemek, kaçırmak;miss;missed;missed
missing;kayıp, eksik;-;-;-
mission;görev;-;-;-
mistake;hata;mistake;mistook;mistaken
mix;karıştırmak;mix;mixed;mixed
mixed;karışık;-;-;-
mixture;karışım;-;-;-
mobile;mobil, taşınabilir;-;-;-
model;model;model;modelled;modelled
modern;modern;-;-;-
modify;değiştirmek;modify;modified;modified
moment;an;-;-;-
Monday;Pazartesi;-;-;-
money;para;-;-;-
monitor;monitör, izlemek;monitor;monitored;monitored
monkey;maymun;-;-;-
month;ay;-;-;-
mood;ruh hali;-;-;-
moon;ay (gökyüzü);-;-;-
moral;ahlaki;-;-;-
more;daha fazla;-;-;-
morning;sabah;-;-;-
most;en fazla, çoğu;-;-;-
mostly;çoğunlukla;-;-;-
mother;anne;-;-;-
motor;motor;-;-;-
motorcycle;motosiklet;-;-;-
mount;dağ, monte etmek;mount;mounted;mounted
mountain;dağ;-;-;-
mouse;fare;-;-;-
mouth;ağız;-;-;-
move;hareket etmek, taşınmak;move;moved;moved
movement;hareket;-;-;-
movie;film;-;-;-
much;çok (miktar);-;-;-
mud;çamur;-;-;-
multiple;çoklu;-;-;-
multiply;çarpmak;multiply;multiplied;multiplied
mum;anne;-;-;-
murder;cinayet, öldürmek;murder;murdered;murdered
muscle;kas;-;-;-
museum;müze;-;-;-
music;müzik;-;-;-
musical;müzikal;-;-;-
musician;müzisyen;-;-;-
must;-meli, zorunda;-;-;-
my;benim;-;-;-
myself;kendim;-;-;-
mysterious;gizemli;-;-;-
mystery;gizem;-;-;-
nail;tırnak, çivi;-;-;-
name;isim, adlandırmak;name;named;named
narrative;anlatı;-;-;-
narrow;dar;narrow;narrowed;narrowed
nation;ulus;-;-;-
national;ulusal;-;-;-
native;yerli, ana (dil);-;-;-
natural;doğal;-;-;-
naturally;doğal olarak;-;-;-
nature;doğa;-;-;-
near;yakın;-;-;-
nearly;neredeyse;-;-;-
neat;düzenli;-;-;-
necessarily;zorunlu olarak;-;-;-
necessary;gerekli;-;-;-
neck;boyun;-;-;-
need;ihtiyaç, ihtiyaç duymak;need;needed;needed
needle;iğne;-;-;-
negative;olumsuz;-;-;-
neighbour;komşu;-;-;-
neighbourhood;mahalle;-;-;-
neither;hiçbiri;-;-;-
nerve;sinir;-;-;-
nervous;gergin;-;-;-
net;ağ, net (kazanç);-;-;-
network;ağ (bağlantı);-;-;-
never;asla;-;-;-
nevertheless;yine de;-;-;-
new;yeni;-;-;-
news;haber;-;-;-
newspaper;gazete;-;-;-
next;sonraki;-;-;-
next to;yanında;-;-;-
nice;güzel, hoş;-;-;-
night;gece;-;-;-
nightmare;kabus;-;-;-
nine;dokuz;-;-;-
nineteen;on dokuz;-;-;-
ninety;doksan;-;-;-
no;hayır;-;-;-
no one;hiç kimse;-;-;-
nobody;hiç kimse;-;-;-
noise;gürültü;-;-;-
noisy;gürültülü;-;-;-
none;hiçbiri;-;-;-
nor;ne de;-;-;-
normal;normal;-;-;-
normally;normalde;-;-;-
north;kuzey;-;-;-
northern;kuzey (sıfat);-;-;-
nose;burun;-;-;-
not;değil;-;-;-
note;not, not almak;note;noted;noted
nothing;hiçbir şey;-;-;-
notice;fark etmek, uyarı;notice;noticed;noticed
notion;kavram, fikir;-;-;-
novel;roman;-;-;-
November;Kasım;-;-;-
now;şimdi;-;-;-
nowhere;hiçbir yer;-;-;-
nuclear;nükleer;-;-;-
number;sayı, numaralandırmak;number;numbered;numbered
numerous;çok sayıda;-;-;-
nurse;hemşire;-;-;-
nut;kuruyemiş, somun;-;-;-
obey;itaat etmek;obey;obeyed;obeyed
object;nesne, itiraz etmek;object;objected;objected
objective;hedef, amaç;-;-;-
obligation;yükümlülük;-;-;-
observation;gözlem;-;-;-
observe;gözlemlemek;observe;observed;observed
obtain;elde etmek;obtain;obtained;obtained
obvious;açık, bariz;-;-;-
obviously;açıkça;-;-;-
occasion;özel gün, olay;-;-;-
occasionally;ara sıra;-;-;-
occur;meydana gelmek;occur;occurred;occurred
ocean;okyanus;-;-;-
o'clock;saat (tam);-;-;-
October;Ekim;-;-;-
odd;garip, tuhaf;-;-;-
of;-in, -nin (aitlik);-;-;-
off;kapalı, uzakta;-;-;-
offence;suç, gücenme;-;-;-
offend;gücendirmek;offend;offended;offended
offensive;saldırgan, rahatsız edici;-;-;-
offer;teklif etmek;offer;offered;offered
office;ofis;-;-;-
officer;memur, subay;-;-;-
official;resmi, yetkili;-;-;-
often;sık sık;-;-;-
oh;ah, ay;-;-;-
oil;yağ, petrol;-;-;-
OK;tamam;-;-;-
old;yaşlı, eski;-;-;-
old-fashioned;eski moda;-;-;-
on;üzerinde;-;-;-
once;bir kez;-;-;-
one;bir (sayı);-;-;-
onion;soğan;-;-;-
online;çevrimiçi;-;-;-
only;sadece;-;-;-
onto;üzerine;-;-;-
open;açık, açmak;open;opened;opened
opening;açılış;-;-;-
operate;çalıştırmak, ameliyat etmek;operate;operated;operated
operation;operasyon, ameliyat;-;-;-
opinion;görüş, fikir;-;-;-
opponent;rakip;-;-;-
opportunity;fırsat;-;-;-
oppose;karşı çıkmak;oppose;opposed;opposed
opposed;karşıt;-;-;-
opposite;karşı, zıt;-;-;-
opposition;muhalefet;-;-;-
option;seçenek;-;-;-
or;veya;-;-;-
orange;portakal, turuncu;-;-;-
order;sipariş, emir, sıralamak;order;ordered;ordered
ordinary;sıradan;-;-;-
organ;organ;-;-;-
organization;organizasyon;-;-;-
organize;düzenlemek, organize etmek;organize;organized;organized
organized;düzenli, organize;-;-;-
organizer;organizatör;-;-;-
origin;köken;-;-;-
original;orijinal;-;-;-
originally;başlangıçta;-;-;-
other;diğer;-;-;-
otherwise;aksi takdirde;-;-;-
ought;-meli (görev);-;-;-
our;bizim;-;-;-
ours;bizimki;-;-;-
ourselves;kendimiz;-;-;-
out;dışarı;-;-;-
outcome;sonuç;-;-;-
outdoor;açık hava (sıfat);-;-;-
outdoors;açık havada;-;-;-
outer;dış;-;-;-
outline;taslak, ana hatlarıyla belirtmek;outline;outlined;outlined
outside;dışarıda, dış;-;-;-
oven;fırın;-;-;-
over;üzerinde, bitmiş;-;-;-
overall;genel olarak;-;-;-
owe;borçlu olmak;owe;owed;owed
own;sahip olmak, kendi;own;owned;owned
owner;sahip;-;-;-
pace;hız, tempo;pace;paced;paced
pack;paket, paketlemek;pack;packed;packed
package;paket;package;packaged;packaged
page;sayfa;-;-;-
pain;ağrı;-;-;-
painful;acı verici;-;-;-
paint;boya, boyamak;paint;painted;painted
painter;ressam;-;-;-
painting;resim, tablo;-;-;-
pair;çift;-;-;-
palace;saray;-;-;-
pale;solgun;-;-;-
pan;tava;-;-;-
panel;panel;-;-;-
pants;pantolon;-;-;-
paper;kağıt;-;-;-
paragraph;paragraf;-;-;-
parent;ebeveyn;-;-;-
park;park, park etmek;park;parked;parked
parking;park etme;-;-;-
parliament;parlamento;-;-;-
part;parça, bölüm;-;-;-
participant;katılımcı;-;-;-
participate;katılmak;participate;participated;participated
particular;belirli, özel;-;-;-
particularly;özellikle;-;-;-
partly;kısmen;-;-;-
partner;ortak, eş;-;-;-
party;parti;-;-;-
pass;geçmek;pass;passed;passed
passage;geçit, pasaj;-;-;-
passenger;yolcu;-;-;-
passion;tutku;-;-;-
passport;pasaport;-;-;-
past;geçmiş;-;-;-
path;yol, patika;-;-;-
patient;hasta, sabırlı;-;-;-
pattern;desen, model;-;-;-
pay;ödemek;pay;paid;paid
payment;ödeme;-;-;-
peace;barış;-;-;-
peaceful;barışçıl;-;-;-
pen;kalem;-;-;-
pencil;kurşun kalem;-;-;-
penny;peni;-;-;-
pension1;emekli maaşı;-;-;-
people;insanlar;-;-;-
pepper;biber;-;-;-
per;başına;-;-;-
per cent;yüzde;-;-;-
percentage;yüzde oranı;-;-;-
perfect;mükemmel;perfect;perfected;perfected
perfectly;mükemmel bir şekilde;-;-;-
perform;gerçekleştirmek, performans sergilemek;perform;performed;performed
performance;performans;-;-;-
perhaps;belki;-;-;-
period;dönem;-;-;-
permanent;kalıcı;-;-;-
permission;izin;-;-;-
permit;izin vermek, izin belgesi;permit;permitted;permitted
person;kişi;-;-;-
personal;kişisel;-;-;-
personality;kişilik;-;-;-
personally;kişisel olarak;-;-;-
perspective;bakış açısı;-;-;-
persuade;ikna etmek;persuade;persuaded;persuaded
pet;evcil hayvan;-;-;-
petrol;benzin;-;-;-
phase;aşama;-;-;-
phenomenon;olgu;-;-;-
philosophy;felsefe;-;-;-
phone;telefon, telefon etmek;phone;phoned;phoned
photo;fotoğraf;-;-;-
photograph;fotoğraf, fotoğraflamak;photograph;photographed;photographed
photographer;fotoğrafçı;-;-;-
photography;fotoğrafçılık;-;-;-
phrase;deyim, ifade;-;-;-
physical;fiziksel;-;-;-
physics;fizik;-;-;-
piano;piyano;-;-;-
pick;seçmek, toplamak;pick;picked;picked
picture;resim, fotoğraf;picture;pictured;pictured
piece;parça;-;-;-
pig;domuz;-;-;-
pile;yığın, yığmak;pile;piled;piled
pilot;pilot;-;-;-
pin;toplu iğne, iğnelemek;pin;pinned;pinned
pink;pembe;-;-;-
pipe;boru;-;-;-
pitch;saha, ton;-;-;-
place;yer, yerleştirmek;place;placed;placed
plain;sade, düz;-;-;-
plan;plan, planlamak;plan;planned;planned
plane;uçak;-;-;-
planet;gezegen;-;-;-
planning;planlama;-;-;-
plant;bitki, ekmek (dikmek);plant;planted;planted
plastic;plastik;-;-;-
plate;tabak;-;-;-
platform;platform, peron;-;-;-
play;oynamak;play;played;played
player;oyuncu;-;-;-
pleasant;hoş;-;-;-
please;lütfen, memnun etmek;please;pleased;pleased
pleased;memnun;-;-;-
pleasure;zevk, memnuniyet;-;-;-
plenty;bolluk, bol miktarda;-;-;-
plot;olay örgüsü, komplo kurmak;plot;plotted;plotted
plus1;artı;-;-;-
pocket;cep;-;-;-
poem;şiir;-;-;-
poet;şair;-;-;-
poetry;şiir sanatı;-;-;-
point;nokta, işaret etmek;point;pointed;pointed
pointed;sivri;-;-;-
poison;zehir, zehirlemek;poison;poisoned;poisoned
poisonous;zehirli;-;-;-
police;polis;-;-;-
policeman;polis memuru;-;-;-
policy;politika;-;-;-
polite;kibar;-;-;-
political;siyasi;-;-;-
politician;politikacı;-;-;-
politics;siyaset;-;-;-
pollution;kirlilik;-;-;-
pool;havuz;-;-;-
poor;fakir, zavallı;-;-;-
pop;pop müzik;-;-;-
popular;popüler;-;-;-
popularity;popülerlik;-;-;-
population;nüfus;-;-;-
port;liman;-;-;-
portrait;portre;-;-;-
pose;poz vermek, oluşturmak (sorun);pose;posed;posed
position;konum, pozisyon;position;positioned;positioned
positive;olumlu;-;-;-
possess;sahip olmak;possess;possessed;possessed
possession;sahiplik, mal;-;-;-
possibility;olasılık;-;-;-
possible;mümkün;-;-;-
possibly;belki, mümkün olduğunca;-;-;-
post;posta, göndermek;post;posted;posted
poster;poster;-;-;-
pot;tencere, saksı;-;-;-
potato;patates;-;-;-
potential;potansiyel;-;-;-
pound;pound (para/ağırlık);-;-;-
pour;dökmek;pour;poured;poured
poverty;yoksulluk;-;-;-
powder;toz;-;-;-
power;güç, iktidar;power;powered;powered
powerful;güçlü;-;-;-
practical;pratik;-;-;-
practice;pratik, uygulama;-;-;-
practise;pratik yapmak;practise;practised;practised
praise;övmek, övgü;praise;praised;praised
pray;dua etmek;pray;prayed;prayed
prayer;dua;-;-;-
predict;tahmin etmek;predict;predicted;predicted
prediction;tahmin;-;-;-
prefer;tercih etmek;prefer;preferred;preferred
pregnant;hamile;-;-;-
preparation;hazırlık;-;-;-
prepare;hazırlamak;prepare;prepared;prepared
prepared;hazır;-;-;-
presence;varlık, huzur;-;-;-
present;hediye, mevcut, sunmak;present;presented;presented
presentation;sunum;-;-;-
preserve;korumak;preserve;preserved;preserved
president;başkan;-;-;-
press;basın, basmak;press;pressed;pressed
pressure;baskı;-;-;-
pretend;numara yapmak;pretend;pretended;pretended
pretty;güzel, oldukça;-;-;-
prevent;önlemek;prevent;prevented;prevented
previous;önceki;-;-;-
previously;önceden;-;-;-
price;fiyat, fiyatlandırmak;price;priced;priced
priest;rahip;-;-;-
primary;birincil, ilköğretim;-;-;-
prime;başlıca, birinci;-;-;-
prince;prens;-;-;-
princess;prenses;-;-;-
principle;ilke;-;-;-
print;yazdırmak, baskı;print;printed;printed
printer;yazıcı;-;-;-
printing;baskı, matbaacılık;-;-;-
priority;öncelik;-;-;-
prison;hapishane;-;-;-
prisoner;mahkum;-;-;-
privacy;mahremiyet;-;-;-
private;özel;-;-;-
prize;ödül;-;-;-
probably;muhtemelen;-;-;-
problem;sorun;-;-;-
procedure;prosedür, işlem;-;-;-
process;süreç, işlemek;process;processed;processed
produce;üretmek;produce;produced;produced
producer;yapımcı;-;-;-
product;ürün;-;-;-
production;üretim;-;-;-
profession;meslek;-;-;-
professional;profesyonel;-;-;-
professor;profesör;-;-;-
profile;profil;-;-;-
profit;kar;-;-;-
program;program, programlamak;program;programmed;programmed
programme;program (TV/plan);-;-;-
progress;ilerleme, ilerlemek;progress;progressed;progressed
project;proje, projelendirmek;project;projected;projected
promise;söz vermek, söz;promise;promised;promised
promote;terfi ettirmek, tanıtmak;promote;promoted;promoted
pronounce;telaffuz etmek;pronounce;pronounced;pronounced
proof;kanıt;-;-;-
proper;uygun, düzgün;-;-;-
properly;düzgün bir şekilde;-;-;-
property;mülk, özellik;-;-;-
proposal;teklif;-;-;-
propose;teklif etmek;propose;proposed;proposed
prospect;olasılık, gelecek beklentisi;-;-;-
protect;korumak;protect;protected;protected
protection;koruma;-;-;-
protest;protesto, protesto etmek;protest;protested;protested
proud;gururlu;-;-;-
prove;kanıtlamak;prove;proved;proved/proven
provide;sağlamak;provide;provided;provided
psychologist;psikolog;-;-;-
psychology;psikoloji;-;-;-
pub;pub, bar;-;-;-
public;halk, kamu;-;-;-
publication;yayın;-;-;-
publish;yayınlamak;publish;published;published
pull;çekmek;pull;pulled;pulled
punish;cezalandırmak;punish;punished;punished
punishment;ceza;-;-;-
pupil;öğrenci;-;-;-
purchase;satın almak, satın alma;purchase;purchased;purchased
pure;saf;-;-;-
purple;mor;-;-;-
purpose;amaç;-;-;-
pursue;sürdürmek, peşinden gitmek;pursue;pursued;pursued
push;itmek;push;pushed;pushed
put;koymak;put;put;put
qualification;nitelik, yeterlilik;-;-;-
qualified;nitelikli;-;-;-
qualify;hak kazanmak, nitelemek;qualify;qualified;qualified
quality;kalite;-;-;-
quantity;miktar;-;-;-
quarter;çeyrek;-;-;-
queen;kraliçe;-;-;-
question;soru, sorgulamak;question;questioned;questioned
queue;sıra, sıraya girmek;queue;queued;queued
quick;hızlı;-;-;-
quickly;hızlıca;-;-;-
quiet;sessiz;-;-;-
quietly;sessizce;-;-;-
quit;bırakmak, terk etmek;quit;quit;quit
quite;oldukça;-;-;-
quotation;alıntı;-;-;-
quote;alıntı yapmak;quote;quoted;quoted
race (competition);yarış, yarışmak;race;raced;raced
race (people);ırk;-;-;-
racing;yarış (spor);-;-;-
radio;radyo;-;-;-
railway;demiryolu;-;-;-
rain;yağmur, yağmak;rain;rained;rained
raise;kaldırmak, artırmak;raise;raised;raised
range;aralık, çeşit;range;ranged;ranged
rank;rütbe, sıralamak;rank;ranked;ranked
rapid;hızlı;-;-;-
rapidly;hızlı bir şekilde;-;-;-
rare;nadir;-;-;-
rarely;nadiren;-;-;-
rate;oran, değerlendirmek;rate;rated;rated
rather;oldukça, tercihen;-;-;-
raw;çiğ, ham;-;-;-
reach;ulaşmak;reach;reached;reached
react;tepki vermek;react;reacted;reacted
reaction;tepki;-;-;-
read;okumak;read;read;read
reader;okuyucu;-;-;-
reading;okuma;-;-;-
ready;hazır;-;-;-
real;gerçek;-;-;-
realistic;gerçekçi;-;-;-
reality;gerçeklik;-;-;-
realize;fark etmek, gerçekleştirmek;realize;realized;realized
really;gerçekten;-;-;-
reason;neden, sebep;-;-;-
reasonable;makul;-;-;-
recall;hatırlamak;recall;recalled;recalled
receipt;fiş, makbuz;-;-;-
receive;almak (teslim);receive;received;received
recent;son, yakın zamanlı;-;-;-
recently;son zamanlarda;-;-;-
reception;resepsiyon;-;-;-
recipe;tarif (yemek);-;-;-
recognize;tanımak;recognize;recognized;recognized
recommend;önermek;recommend;recommended;recommended
recommendation;tavsiye;-;-;-
record;kayıt, kaydetmek;record;recorded;recorded
recording;kayıt (ses/görüntü);-;-;-
recover;iyileşmek, geri almak;recover;recovered;recovered
recycle;geri dönüştürmek;recycle;recycled;recycled
red;kırmızı;-;-;-
reduce;azaltmak;reduce;reduced;reduced
reduction;azalma;-;-;-
refer;atıfta bulunmak, başvurmak;refer;referred;referred
reference;referans;-;-;-
reflect;yansıtmak;reflect;reflected;reflected
refuse1;reddetmek;refuse;refused;refused
regard;kabul etmek, saygı;regard;regarded;regarded
region;bölge;-;-;-
regional;bölgesel;-;-;-
register;kayıt olmak, kayıt;register;registered;registered
regret;pişman olmak;regret;regretted;regretted
regular;düzenli;-;-;-
regularly;düzenli olarak;-;-;-
regulation;düzenleme, yönetmelik;-;-;-
reject;reddetmek;reject;rejected;rejected
relate;ilişkilendirmek;relate;related;related
related;ilişkili;-;-;-
relation;ilişki;-;-;-
relationship;ilişki;-;-;-
relative;akraba, göreceli;-;-;-
relatively;nispeten;-;-;-
relax;rahatlamak;relax;relaxed;relaxed
relaxed;rahat;-;-;-
relaxing;rahatlatıcı;-;-;-
release;yayınlamak, serbest bırakmak;release;released;released
relevant;ilgili, alakalı;-;-;-
reliable;güvenilir;-;-;-
relief;rahatlama;-;-;-
religion;din;-;-;-
religious;dini;-;-;-
rely;güvenmek;rely;relied;relied
remain;kalmak;remain;remained;remained
remark;yorum, dile getirmek;remark;remarked;remarked
remember;hatırlamak;remember;remembered;remembered
remind;hatırlatmak;remind;reminded;reminded
remote;uzak;-;-;-
remove;kaldırmak, çıkarmak;remove;removed;removed
rent;kira, kiralamak;rent;rented;rented
repair;onarmak;repair;repaired;repaired
repeat;tekrarlamak;repeat;repeated;repeated
repeated;tekrarlanan;-;-;-
replace;değiştirmek, yerine koymak;replace;replaced;replaced
reply;yanıtlamak, yanıt;reply;replied;replied
report;rapor, rapor etmek;report;reported;reported
reporter;muhabir;-;-;-
represent;temsil etmek;represent;represented;represented
representative;temsilci;-;-;-
reputation;itibar;-;-;-
request;talep, talep etmek;request;requested;requested
require;gerektirmek;require;required;required
requirement;gereklilik;-;-;-
rescue;kurtarmak;rescue;rescued;rescued
research;araştırma, araştırmak;research;researched;researched
researcher;araştırmacı;-;-;-
reservation;rezervasyon;-;-;-
reserve;ayırmak, rezerv;reserve;reserved;reserved
resident;sakin;-;-;-
resist;direnmek;resist;resisted;resisted
resolve;çözmek;resolve;resolved;resolved
resort;tatil beldesi, başvurmak;resort;resorted;resorted
resource;kaynak;-;-;-
respect;saygı, saygı duymak;respect;respected;respected
respond;yanıt vermek;respond;responded;responded
response;yanıt;-;-;-
responsibility;sorumluluk;-;-;-
responsible;sorumlu;-;-;-
rest (remaining);geri kalan;-;-;-
rest (sleep/relax);dinlenmek;rest;rested;rested
restaurant;restoran;-;-;-
result;sonuç, sonuçlanmak;result;resulted;resulted
retain;elinde tutmak;retain;retained;retained
retire;emekli olmak;retire;retired;retired
retired;emekli;-;-;-
return;geri dönmek;return;returned;returned
reveal;ortaya çıkarmak;reveal;revealed;revealed
review;inceleme, incelemek;review;reviewed;reviewed
revise;gözden geçirmek;revise;revised;revised
revolution;devrim;-;-;-
reward;ödül, ödüllendirmek;reward;rewarded;rewarded
rhythm;ritim;-;-;-
rice;pirinç;-;-;-
rich;zengin;-;-;-
rid;kurtulmak;rid;rid;rid
ride;binmek (araç/hayvan);ride;rode;ridden
right;doğru, sağ;-;-;-
ring1;yüzük;-;-;-
ring2;çalmak (zil), aramak;ring;rang;rung
rise;yükselmek;rise;rose;risen
risk;risk, riske atmak;risk;risked;risked
river;nehir;-;-;-
road;yol;-;-;-
robot;robot;-;-;-
rock (stone);kaya;-;-;-
rock (music);rock müzik;-;-;-
role;rol;-;-;-
roll;yuvarlanmak, rulo;roll;rolled;rolled
romantic;romantik;-;-;-
roof;çatı;-;-;-
room;oda;-;-;-
root;kök;-;-;-
rope;halat;-;-;-
rough;kaba, pürüzlü;-;-;-
round;yuvarlak;-;-;-
route;güzergah, rota;-;-;-
routine;rutin;-;-;-
row1;sıra;-;-;-
royal;kraliyet ile ilgili;-;-;-
rub;ovmak, sürtmek;rub;rubbed;rubbed
rubber;lastik, kauçuk;-;-;-
rubbish;çöp;-;-;-
rude;kaba (davranış);-;-;-
rugby;ragbi;-;-;-
rule;kural, yönetmek;rule;ruled;ruled
run;koşmak;run;ran;run
runner;koşucu;-;-;-
running;koşu;-;-;-
rural;kırsal;-;-;-
rush;acele etmek, koşuşturma;rush;rushed;rushed
sad;üzgün;-;-;-
sadly;üzücü bir şekilde;-;-;-
safe;güvenli;-;-;-
safety;güvenlik;-;-;-
sail;yelken açmak;sail;sailed;sailed
sailing;yelkencilik;-;-;-
sailor;denizci;-;-;-
salad;salata;-;-;-
salary;maaş;-;-;-
sale;satış;-;-;-
salt;tuz;-;-;-
same;aynı;-;-;-
sample;örnek, örneklemek;sample;sampled;sampled
sand;kum;-;-;-
sandwich;sandviç;-;-;-
satellite;uydu;-;-;-
satisfied;memnun;-;-;-
satisfy;tatmin etmek;satisfy;satisfied;satisfied
Saturday;Cumartesi;-;-;-
sauce;sos;-;-;-
save;kurtarmak, biriktirmek;save;saved;saved
saving;tasarruf;-;-;-
say;söylemek;say;said;said
scale;ölçek, terazi;scale;scaled;scaled
scan;taramak;scan;scanned;scanned
scared;korkmuş;-;-;-
scary;korkutucu;-;-;-
scene;sahne;-;-;-
schedule;program, planlamak;schedule;scheduled;scheduled
scheme;plan, düzen;-;-;-
school;okul;-;-;-
science;bilim;-;-;-
scientific;bilimsel;-;-;-
scientist;bilim insanı;-;-;-
score;skor, gol atmak;score;scored;scored
scream;çığlık atmak;scream;screamed;screamed
screen;ekran;screen;screened;screened
script;senaryo;-;-;-
sculpture;heykel;-;-;-
sea;deniz;-;-;-
search;aramak;search;searched;searched
season;mevsim, sezon;-;-;-
seat;koltuk, oturtmak;seat;seated;seated
second1 (order);ikinci;-;-;-
second1 (time);saniye;-;-;-
secondary;ikincil, ortaokul;-;-;-
secondly;ikinci olarak;-;-;-
secret;sır, gizli;-;-;-
secretary;sekreter;-;-;-
section;bölüm, kısım;-;-;-
sector;sektör;-;-;-
secure;güvenli, güvence altına almak;secure;secured;secured
security;güvenlik;-;-;-
see;görmek;see;saw;seen
seed;tohum;-;-;-
seek;aramak, çabalamak;seek;sought;sought
seem;gibi görünmek;seem;seemed;seemed
select;seçmek;select;selected;selected
selection;seçki, seçim;-;-;-
self;kendilik, benlik;-;-;-
sell;satmak;sell;sold;sold
send;göndermek;send;sent;sent
senior;kıdemli;-;-;-
sense;duyu, anlam;sense;sensed;sensed
sensible;mantıklı;-;-;-
sensitive;hassas;-;-;-
sentence;cümle, hüküm giydirmek;sentence;sentenced;sentenced
separate;ayrı, ayırmak;separate;separated;separated
September;Eylül;-;-;-
sequence;dizi, sıralama;-;-;-
series;seri;-;-;-
serious;ciddi;-;-;-
seriously;ciddi olarak;-;-;-
servant;hizmetçi;-;-;-
serve;hizmet etmek;serve;served;served
service;hizmet;-;-;-
session;oturum;-;-;-
set (put);koymak, ayarlamak;set;set;set
set (group);takım, set;-;-;-
setting;ortam, ayar;-;-;-
settle;yerleşmek, çözmek;settle;settled;settled
seven;yedi;-;-;-
seventeen;on yedi;-;-;-
seventy;yetmiş;-;-;-
several;birkaç;-;-;-
severe;şiddetli;-;-;-
sex;cinsiyet;-;-;-
sexual;cinsel;-;-;-
shade;gölge;-;-;-
shadow;gölge (nesne);-;-;-
shake;sallamak;shake;shook;shaken
shallow;sığ;-;-;-
shame;utanç;-;-;-
shape;şekil, şekillendirmek;shape;shaped;shaped
share;paylaşmak, hisse;share;shared;shared
sharp;keskin;-;-;-
she;o (kadın);-;-;-
sheep;koyun;-;-;-
sheet;çarşaf, kağıt yaprağı;-;-;-
shelf;raf;-;-;-
shell;kabuk;-;-;-
shelter;barınak, sığınmak;shelter;sheltered;sheltered
shift;vardiya, değiştirmek;shift;shifted;shifted
shine;parlamak;shine;shone;shone
shiny;parlak;-;-;-
ship;gemi;ship;shipped;shipped
shirt;gömlek;-;-;-
shock;şok, şok etmek;shock;shocked;shocked
shocked;şok olmuş;-;-;-
shoe;ayakkabı;-;-;-
shoot;ateş etmek, çekim yapmak;shoot;shot;shot
shooting;ateş etme, çekim;-;-;-
shop;dükkan, alışveriş yapmak;shop;shopped;shopped
shopping;alışveriş;-;-;-
short;kısa;-;-;-
shot;atış, çekim;-;-;-
should;-meli;-;-;-
shoulder;omuz;-;-;-
shout;bağırmak;shout;shouted;shouted
show;göstermek;show;showed;shown
shower;duş;-;-;-
shut;kapatmak;shut;shut;shut
shy;utangaç;-;-;-
sick;hasta;-;-;-
side;taraf, yan;-;-;-
sight;görüş, manzara;-;-;-
sign;işaret, imzalamak;sign;signed;signed
signal;sinyal, işaret vermek;signal;signalled;signalled
significant;önemli;-;-;-
significantly;önemli ölçüde;-;-;-
silence;sessizlik;-;-;-
silent;sessiz;-;-;-
silk;ipek;-;-;-
silly;aptalca;-;-;-
silver;gümüş;-;-;-
similar;benzer;-;-;-
similarity;benzerlik;-;-;-
similarly;benzer şekilde;-;-;-
simple;basit;-;-;-
simply;basitçe;-;-;-
since;-den beri;-;-;-
sincere;samimi;-;-;-
sing;şarkı söylemek;sing;sang;sung
singer;şarkıcı;-;-;-
singing;şarkı söyleme;-;-;-
single;tek, bekar;-;-;-
sink;batmak, lavabo;sink;sank;sunk
sir;efendim, bay;-;-;-
sister;kız kardeş;-;-;-
sit;oturmak;sit;sat;sat
site;alan, site;-;-;-
situation;durum;-;-;-
six;altı;-;-;-
sixteen;on altı;-;-;-
sixty;altmış;-;-;-
size;boyut;-;-;-
ski;kayak yapmak;ski;skied;skied
skiing;kayak (spor);-;-;-
skill;beceri;-;-;-
skin;deri, cilt;-;-;-
skirt;etek;-;-;-
sky;gökyüzü;-;-;-
slave;köle;-;-;-
sleep;uyumak;sleep;slept;slept
slice;dilim, dilimlemek;slice;sliced;sliced
slide;kaymak, kaydırak;slide;slid;slid
slight;hafif, önemsiz;-;-;-
slightly;hafifçe;-;-;-
slip;kaymak (ayak);slip;slipped;slipped
slope;eğim, yamaç;slope;sloped;sloped
slow;yavaş, yavaşlatmak;slow;slowed;slowed
slowly;yavaşça;-;-;-
small;küçük;-;-;-
smart;akıllı, şık;-;-;-
smartphone;akıllı telefon;-;-;-
smell;koku, koklamak;smell;smelled/smelt;smelled/smelt
smile;gülümsemek;smile;smiled;smiled
smoke;duman, sigara içmek;smoke;smoked;smoked
smoking;sigara içme;-;-;-
smooth;pürüzsüz;-;-;-
snake;yılan;-;-;-
snow;kar, kar yağmak;snow;snowed;snowed
so;bu yüzden, çok;-;-;-
soap;sabun;-;-;-
soccer;futbol;-;-;-
social;sosyal;-;-;-
society;toplum;-;-;-
sock;çorap;-;-;-
soft;yumuşak;-;-;-
software;yazılım;-;-;-
soil;toprak;-;-;-
solar;güneş ile ilgili;-;-;-
soldier;asker;-;-;-
solid;katı, sağlam;-;-;-
solution;çözüm;-;-;-
solve;çözmek;solve;solved;solved
some;bazı;-;-;-
somebody;birisi;-;-;-
someone;birisi;-;-;-
something;bir şey;-;-;-
sometimes;bazen;-;-;-
somewhat;biraz;-;-;-
somewhere;bir yerde;-;-;-
son;erkek evlat;-;-;-
song;şarkı;-;-;-
soon;yakında;-;-;-
sorry;üzgün, özür dilerim;-;-;-
sort;tür, sınıflandırmak;sort;sorted;sorted
soul;ruh;-;-;-
sound;ses, kulağa gelmek;sound;sounded;sounded
soup;çorba;-;-;-
source;kaynak;-;-;-
south;güney;-;-;-
southern;güney (sıfat);-;-;-
space;uzay, boşluk;-;-;-
speak;konuşmak;speak;spoke;spoken
speaker;konuşmacı;-;-;-
special;özel;-;-;-
specialist;uzman;-;-;-
species;tür (biyolojik);-;-;-
specific;belirli, özgül;-;-;-
specifically;özellikle, açıkça;-;-;-
speech;konuşma (nutuk);-;-;-
speed;hız, hızlanmak;speed;sped;sped
spell;hecelemek;spell;spelled/spelt;spelled/spelt
spelling;heceleme, yazım;-;-;-
spend;harcamak;spend;spent;spent
spending;harcama;-;-;-
spicy;baharatlı;-;-;-
spider;örümcek;-;-;-
spirit;ruh, tin;-;-;-
spiritual;manevi;-;-;-
split;bölmek, ayırmak;split;split;split
spoken;sözlü;-;-;-
sponsor;sponsor, sponsor olmak;sponsor;sponsored;sponsored
spoon;kaşık;-;-;-
sport;spor;-;-;-
spot;nokta, leke, fark etmek;spot;spotted;spotted
spread;yaymak;spread;spread;spread
spring;bahar, yay, fırlamak;spring;sprang;sprung
square;kare, meydan;-;-;-
stable;kararlı, ahır;-;-;-
stadium;stadyum;-;-;-
staff;personel;-;-;-
stage;sahne, aşama;stage;staged;staged
stair;merdiven basamağı;-;-;-
stamp;pul, damga;-;-;-
stand;ayakta durmak;stand;stood;stood
standard;standart;-;-;-
star;yıldız, başrol oynamak;star;starred;starred
stare;dik dik bakmak;stare;stared;stared
start;başlamak;start;started;started
state;eyalet, devlet, belirtmek;state;stated;stated
statement;ifade, açıklama;-;-;-
station;istasyon;-;-;-
statistic;istatistik;-;-;-
statue;heykel;-;-;-
status;statü, durum;-;-;-
stay;kalmak;stay;stayed;stayed
steady;sabit, istikrarlı;-;-;-
steal;çalmak (hırsızlık);steal;stole;stolen
steel;çelik;-;-;-
steep;dik (eğim);-;-;-
step;adım, adım atmak;step;stepped;stepped
stick (attach);yapıştırmak, sokmak;stick;stuck;stuck
stick (wood);değnek;-;-;-
sticky;yapışkan;-;-;-
stiff;katı, sert (kas);-;-;-
still;hala, durgun;-;-;-
stock;stok, hisse senedi;stock;stocked;stocked
stomach;mide;-;-;-
stone;taş;-;-;-
stop;durmak, durdurmak;stop;stopped;stopped
store;mağaza, depolamak;store;stored;stored
storm;fırtına;-;-;-
story;hikaye;-;-;-
straight;düz;-;-;-
strange;garip;-;-;-
stranger;yabancı (kişi);-;-;-
strategy;strateji;-;-;-
stream;dere, akış;-;-;-
street;sokak;-;-;-
strength;güç, kuvvet;-;-;-
stress;stres, vurgulamak;stress;stressed;stressed
stretch;germek, uzanmak;stretch;stretched;stretched
strict;katı, sıkı;-;-;-
strike;grev, vurmak;strike;struck;struck
string;ip, sicim;-;-;-
strong;güçlü;-;-;-
strongly;güçlü bir şekilde;-;-;-
structure;yapı;structure;structured;structured
struggle;mücadele etmek;struggle;struggled;struggled
student;öğrenci;-;-;-
studio;stüdyo;-;-;-
study;çalışmak, ders çalışmak;study;studied;studied
stuff;eşya, şeyler;stuff;stuffed;stuffed
stupid;aptal;-;-;-
style;stil;-;-;-
subject;konu, ders;-;-;-
submit;sunmak, teslim etmek;submit;submitted;submitted
substance;madde;-;-;-
succeed;başarmak;succeed;succeeded;succeeded
success;başarı;-;-;-
successful;başarılı;-;-;-
successfully;başarılı bir şekilde;-;-;-
such;böyle, öyle;-;-;-
sudden;ani;-;-;-
suddenly;aniden;-;-;-
suffer;acı çekmek;suffer;suffered;suffered
sugar;şeker;-;-;-
suggest;önermek;suggest;suggested;suggested
suggestion;öneri;-;-;-
suit;takım elbise, uymak;suit;suited;suited
suitable;uygun;-;-;-
sum;toplam;sum;summed;summed
summarize;özetlemek;summarize;summarized;summarized
summary;özet;-;-;-
summer;yaz;-;-;-
sun;güneş;-;-;-
Sunday;Pazar;-;-;-
supermarket;süpermarket;-;-;-
supply;tedarik, tedarik etmek;supply;supplied;supplied
support;destek, desteklemek;support;supported;supported
supporter;destekçi, taraftar;-;-;-
suppose;varsaymak, sanmak;suppose;supposed;supposed
sure;emin;-;-;-
surely;kesinlikle;-;-;-
surface;yüzey;-;-;-
surgery;ameliyat;-;-;-
surprise;sürpriz, şaşırtmak;surprise;surprised;surprised
surprised;şaşırmış;-;-;-
surprising;şaşırtıcı;-;-;-
surround;çevrelemek;surround;surrounded;surrounded
surrounding;çevreleyen;-;-;-
survey;anket, incelemek;survey;surveyed;surveyed
survive;hayatta kalmak;survive;survived;survived
suspect;şüphelenmek, şüpheli;suspect;suspected;suspected
swear;yemin etmek, küfretmek;swear;swore;sworn
sweater;kazak;-;-;-
sweep;süpürmek;sweep;swept;swept
sweet;tatlı;-;-;-
swim;yüzmek;swim;swam;swum
swimming;yüzme;-;-;-
switch;anahtar (elektrik), değiştirmek;switch;switched;switched
symbol;sembol;-;-;-
sympathy;sempati, üzüntü paylaşma;-;-;-
symptom;belirti;-;-;-
system;sistem;-;-;-
table;masa;-;-;-
tablet;tablet, hap;-;-;-
tail;kuyruk;-;-;-
take;almak;take;took;taken
tale;masal, hikaye;-;-;-
talent;yetenek;-;-;-
talented;yetenekli;-;-;-
talk;konuşmak;talk;talked;talked
tall;uzun boylu;-;-;-
tank;tank, depo;-;-;-
tape;bant, kayıt yapmak;tape;taped;taped
target;hedef, hedeflemek;target;targeted;targeted
task;görev;-;-;-
taste;tat, tatmak;taste;tasted;tasted
tax;vergi, vergilendirmek;tax;taxed;taxed
taxi;taksi;-;-;-
tea;çay;-;-;-
teach;öğretmek;teach;taught;taught
teacher;öğretmen;-;-;-
teaching;öğretme;-;-;-
team;takım;-;-;-
tear1;yırtmak;tear;tore;torn
tear2;gözyaşı;-;-;-
technical;teknik;-;-;-
technique;teknik (yöntem);-;-;-
technology;teknoloji;-;-;-
teenage;genç (ergen);-;-;-
teenager;genç, ergen;-;-;-
telephone;telefon, telefon etmek;telephone;telephoned;telephoned
television;televizyon;-;-;-
tell;söylemek, anlatmak;tell;told;told
temperature;sıcaklık;-;-;-
temporary;geçici;-;-;-
ten;on;-;-;-
tend;eğiliminde olmak;tend;tended;tended
tennis;tenis;-;-;-
tent;çadır;-;-;-
term;dönem, terim;term;termed;termed
terrible;korkunç, berbat;-;-;-
test;test, sınamak;test;tested;tested
text;metin, mesaj atmak;text;texted;texted
than;-den;-;-;-
thank;teşekkür etmek;thank;thanked;thanked
thanks;teşekkürler;-;-;-
that;o, şu;-;-;-
the;belirli tanım edatı;-;-;-
theatre;tiyatro;-;-;-
their;onların;-;-;-
theirs;onlarınki;-;-;-
them;onları;-;-;-
theme;tema;-;-;-
themselves;kendileri;-;-;-
then;sonra, o zaman;-;-;-
theory;teori;-;-;-
therapy;terapi;-;-;-
there;orada;-;-;-
therefore;bu nedenle;-;-;-
they;onlar;-;-;-
thick;kalın;-;-;-
thief;hırsız;-;-;-
thin;ince, zayıf;-;-;-
thing;şey;-;-;-
think;düşünmek;think;thought;thought
thinking;düşünme;-;-;-
third;üçüncü;-;-;-
thirsty;susamış;-;-;-
thirteen;on üç;-;-;-
thirty;otuz;-;-;-
this;bu;-;-;-
though;-e rağmen, ama;-;-;-
thought;düşünce;-;-;-
thousand;bin;-;-;-
threat;tehdit;-;-;-
threaten;tehdit etmek;threaten;threatened;threatened
three;üç;-;-;-
throat;boğaz;-;-;-
through;-den geçerek, boyunca;-;-;-
throughout;boyunca, her yerinde;-;-;-
throw;atmak;throw;threw;thrown
Thursday;Perşembe;-;-;-
thus;böylece;-;-;-
ticket;bilet;-;-;-
tidy;düzenli, düzenlemek;tidy;tidied;tidied
tie;bağlamak, kravat;tie;tied;tied
tight;sıkı, dar;-;-;-
till;-e kadar;-;-;-
time;zaman, zamanlamak;time;timed;timed
tin;teneke;-;-;-
tiny;minik;-;-;-
tip;bahşiş, uç, ipucu;tip;tipped;tipped
tired;yorgun;-;-;-
title;başlık, unvan;title;titled;titled
to;-e, -a;-;-;-
today;bugün;-;-;-
toe;ayak parmağı;-;-;-
together;birlikte;-;-;-
toilet;tuvalet;-;-;-
tomato;domates;-;-;-
tomorrow;yarın;-;-;-
tone;ton (ses/renk);-;-;-
tongue;dil (organ);-;-;-
tonight;bu gece;-;-;-
too;de, da, çok fazla;-;-;-
tool;alet;-;-;-
tooth;diş;-;-;-
top;üst, tepe;-;-;-
topic;konu;-;-;-
total;toplam;-;-;-
totally;tamamen;-;-;-
touch;dokunmak;touch;touched;touched
tough;zorlu, sert;-;-;-
tour;tur, gezi;tour;toured;toured
tourism;turizm;-;-;-
tourist;turist;-;-;-
towards;-e doğru;-;-;-
towel;havlu;-;-;-
tower;kule;-;-;-
town;kasaba, şehir;-;-;-
toy;oyuncak;-;-;-
track;iz, parça (müzik);track;tracked;tracked
trade;ticaret, ticaret yapmak;trade;traded;traded
tradition;gelenek;-;-;-
traditional;geleneksel;-;-;-
traffic;trafik;-;-;-
train;tren, eğitmek;train;trained;trained
trainer;antrenör, eğitmen;-;-;-
training;eğitim, antrenman;-;-;-
transfer;transfer etmek, aktarmak;transfer;transferred;transferred
transform;dönüştürmek;transform;transformed;transformed
transition;geçiş;-;-;-
translate;çevirmek;translate;translated;translated
translation;çeviri;-;-;-
transport;ulaşım, taşımak;transport;transported;transported
travel;seyahat etmek;travel;travelled;travelled
traveller;gezgin;-;-;-
treat;davranmak, tedavi etmek;treat;treated;treated
treatment;tedavi;-;-;-
tree;ağaç;-;-;-
trend;eğilim, trend;-;-;-
trial;deneme, dava;-;-;-
trick;numara, hile yapmak;trick;tricked;tricked
trip;gezi, seyahat;trip;tripped;tripped
tropical;tropikal;-;-;-
trouble;sorun, dert;trouble;troubled;troubled
trousers;pantolon;-;-;-
truck;kamyon;-;-;-
true;doğru, gerçek;-;-;-
truly;gerçekten;-;-;-
trust;güven, güvenmek;trust;trusted;trusted
truth;gerçek;-;-;-
try;denemek;try;tried;tried
T-shirt;tişört;-;-;-
tube;tüp;-;-;-
Tuesday;Salı;-;-;-
tune;melodi;-;-;-
tunnel;tünel;-;-;-
turn;dönmek, döndürmek;turn;turned;turned
TV;televizyon;-;-;-
twelve;on iki;-;-;-
twenty;yirmi;-;-;-
twice;iki kez;-;-;-
twin;ikiz;-;-;-
two;iki;-;-;-
type;tür, yazmak (klavye);type;typed;typed
typical;tipik;-;-;-
typically;tipik olarak;-;-;-
tyre;lastik (araba);-;-;-
ugly;çirkin;-;-;-
ultimately;nihayetinde;-;-;-
umbrella;şemsiye;-;-;-
unable;yapamayan;-;-;-
uncle;amca, dayı;-;-;-
uncomfortable;rahatsız;-;-;-
unconscious;bilinçsiz;-;-;-
under;altında;-;-;-
underground;yeraltı;-;-;-
understand;anlamak;understand;understood;understood
understanding;anlayış;-;-;-
underwear;iç çamaşırı;-;-;-
unemployed;işsiz;-;-;-
unemployment;işsizlik;-;-;-
unexpected;beklenmedik;-;-;-
unfair;adaletsiz;-;-;-
unfortunately;maalesef;-;-;-
unhappy;mutsuz;-;-;-
uniform;üniforma;-;-;-
union;sendika, birlik;-;-;-
unique;eşsiz;-;-;-
unit;birim;-;-;-
united;birleşik;-;-;-
universe;evren;-;-;-
university;üniversite;-;-;-
unknown;bilinmeyen;-;-;-
unless;-mediği sürece;-;-;-
unlike;-den farklı;-;-;-
unlikely;olası olmayan;-;-;-
unnecessary;gereksiz;-;-;-
unpleasant;nahoş;-;-;-
until;-e kadar;-;-;-
unusual;olağandışı;-;-;-
up;yukarı;-;-;-
update;güncellemek, güncelleme;update;updated;updated
upon;üzerine;-;-;-
upper;üst (kısım);-;-;-
upset;üzgün, üzmek;upset;upset;upset
upstairs;üst kat;-;-;-
upwards;yukarı doğru;-;-;-
urban;kentsel;-;-;-
urge;ısrar etmek, teşvik etmek;urge;urged;urged
us;bizi, bize;-;-;-
use;kullanmak;use;used;used
used1;kullanılmış;-;-;-
used2;alışkın;-;-;-
used to;eskiden ... -irdi;-;-;-
useful;faydalı;-;-;-
user;kullanıcı;-;-;-
usual;olağan, her zamanki;-;-;-
usually;genellikle;-;-;-
vacation;tatil;-;-;-
valley;vadi;-;-;-
valuable;değerli;-;-;-
value;değer, değer vermek;value;valued;valued
van;kamyonet;-;-;-
variety;çeşitlilik;-;-;-
various;çeşitli;-;-;-
vary;çeşitlilik göstermek;vary;varied;varied
vast;çok geniş;-;-;-
vegetable;sebze;-;-;-
vehicle;araç;-;-;-
venue;mekan (etkinlik);-;-;-
version;versiyon;-;-;-
very;çok;-;-;-
via;üzerinden;-;-;-
victim;kurban;-;-;-
victory;zafer;-;-;-
video;video;-;-;-
view;görünüm, görüş;view;viewed;viewed
viewer;izleyici;-;-;-
village;köy;-;-;-
violence;şiddet;-;-;-
violent;şiddetli;-;-;-
virtual;sanal;-;-;-
virus;virüs;-;-;-
vision;görü, vizyon;-;-;-
visit;ziyaret etmek;visit;visited;visited
visitor;ziyaretçi;-;-;-
visual;görsel;-;-;-
vital;hayati;-;-;-
vitamin;vitamin;-;-;-
voice;ses;-;-;-
volume;hacim, ses düzeyi;-;-;-
volunteer;gönüllü, gönüllü olmak;volunteer;volunteered;volunteered
vote;oy vermek, oy;vote;voted;voted
wage;ücret (maaş);-;-;-
wait;beklemek;wait;waited;waited
waiter;garson;-;-;-
wake;uyanmak;wake;woke;woken
walk;yürümek;walk;walked;walked
wall;duvar;-;-;-
want;istemek;want;wanted;wanted
war;savaş;-;-;-
warm;ılık, sıcak;warm;warmed;warmed
warn;uyarmak;warn;warned;warned
warning;uyarı;-;-;-
wash;yıkamak;wash;washed;washed
washing;çamaşır;-;-;-
waste;israf, israf etmek;waste;wasted;wasted
watch;izlemek, saat;watch;watched;watched
water;su, sulamak;water;watered;watered
wave;dalga, sallamak (el);wave;waved;waved
way;yol, tarz;-;-;-
we;biz;-;-;-
weak;zayıf;-;-;-
weakness;zayıflık;-;-;-
wealth;zenginlik;-;-;-
wealthy;zengin;-;-;-
weapon;silah;-;-;-
wear;giymek;wear;wore;worn
weather;hava durumu;-;-;-
web;ağ, örümcek ağı;-;-;-
website;web sitesi;-;-;-
wedding;düğün;-;-;-
Wednesday;Çarşamba;-;-;-
week;hafta;-;-;-
weekend;hafta sonu;-;-;-
weigh;tartmak;weigh;weighed;weighed
weight;ağırlık;-;-;-
welcome;hoş geldin, karşılamak;welcome;welcomed;welcomed
well;iyi;-;-;-
west;batı;-;-;-
western;batı (sıfat);-;-;-
wet;ıslak;-;-;-
what;ne;-;-;-
whatever;her ne;-;-;-
wheel;tekerlek;-;-;-
when;ne zaman;-;-;-
whenever;her ne zaman;-;-;-
where;nerede;-;-;-
whereas;oysa ki;-;-;-
wherever;nerede olursa olsun;-;-;-
whether;olup olmadığı;-;-;-
which;hangi;-;-;-
while;-iken;-;-;-
whisper;fısıldamak;whisper;whispered;whispered
white;beyaz;-;-;-
who;kim;-;-;-
whole;bütün;-;-;-
whom;kimi;-;-;-
whose;kimin;-;-;-
why;neden;-;-;-
wide;geniş;-;-;-
widely;geniş çapta;-;-;-
wife;eş (kadın);-;-;-
wild;vahşi;-;-;-
wildlife;yaban hayatı;-;-;-
will;-ecek (gelecek);-;-;-
willing;istekli;-;-;-
win;kazanmak;win;won;won
wind1;rüzgar;-;-;-
wind2;kıvrılmak, sarmak;wind;wound;wound
window;pencere;-;-;-
wine;şarap;-;-;-
wing;kanat;-;-;-
winner;kazanan;-;-;-
winter;kış;-;-;-
wire;tel, kablo;-;-;-
wise;bilge;-;-;-
wish;dilemek, dilek;wish;wished;wished
with;ile;-;-;-
within;içinde;-;-;-
without;olmadan;-;-;-
witness;tanık, tanık olmak;witness;witnessed;witnessed
woman;kadın;-;-;-
wonder;merak etmek;wonder;wondered;wondered
wonderful;harika;-;-;-
wood;odun, ahşap;-;-;-
wooden;ahşap (sıfat);-;-;-
wool;yün;-;-;-
word;kelime;-;-;-
work;çalışmak, iş;work;worked;worked
worker;işçi;-;-;-
working;çalışan;-;-;-
world;dünya;-;-;-
worldwide;dünya çapında;-;-;-
worried;endişeli;-;-;-
worry;endişelenmek;worry;worried;worried
worse;daha kötü;-;-;-
worst;en kötü;-;-;-
worth;değerinde;-;-;-
would;-erdi;-;-;-
wound;yara, yaralamak;wound;wounded;wounded
wow;vay canına;-;-;-
wrap;sarmak, paketlemek;wrap;wrapped;wrapped
write;yazmak;write;wrote;written
writer;yazar;-;-;-
writing;yazı, yazma;-;-;-
written;yazılı;-;-;-
wrong;yanlış;-;-;-
yard;avlu, yarda;-;-;-
yeah;evet;-;-;-
year;yıl;-;-;-
yellow;sarı;-;-;-
yes;evet;-;-;-
yesterday;dün;-;-;-
yet;henüz;-;-;-
you;sen, siz;-;-;-
young;genç;-;-;-
your;senin, sizin;-;-;-
yours;seninki, sizinki;-;-;-
yourself;kendin;-;-;-
youth;gençlik;-;-;-
zero;sıfır;-;-;-
zone;bölge;-;-;-
